SCENARIO_ID,PNODE_NAME,PERIOD_ID,LMP
1,.I.KENT    345 2,17-JUL-2020 01,30.18
1,.I.PARKCITY345 1,17-JUL-2020 01,30.18
1,.I.VICTORIA345 1,17-JUL-2020 01,30.18
1,.Z.NORTH,17-JUL-2020 01,30.06
1,.Z.SOUTH,17-JUL-2020 01,30.16
1,AR.BRIGHTON345 UBGH2P,17-JUL-2020 01,30.14
1,AR.BRIGHTON345 UBGHP,17-JUL-2020 01,30.14
1,AR.SUNDANCE345 FAIRC,17-JUL-2020 01,30.11
1,DR.NORTH,17-JUL-2020 01,30.06
1,DR.SOUTH_EAST,17-JUL-2020 01,30.18
1,LD.KENT    230 KNT2,17-JUL-2020 01,30.18
1,LD.KENT    345 KNT1,17-JUL-2020 01,30.18
1,LD.MIDWAY  345,17-JUL-2020 01,30.14
1,LD.MIDWAY  345 MID1,17-JUL-2020 01,30.14
1,LD.MIDWAY  345 MID2,17-JUL-2020 01,30.14
1,LD.PARKCITY345 LPRK,17-JUL-2020 01,30.18
1,LD.SOLITUDE230 LSOL,17-JUL-2020 01,30.02
1,LD.SUNDANCE345 LSUN,17-JUL-2020 01,30.11
1,LD.VICTORIA345 LVIC,17-JUL-2020 01,30.18
1,UN.ALTA    345 PRIV,17-JUL-2020 01,30.17
1,UN.ALTA    345 UALT,17-JUL-2020 01,30.17
1,UN.ALTA    345 UALT2,17-JUL-2020 01,30.17
1,UN.ALTA    345 UALT3,17-JUL-2020 01,30.17
1,UN.ALTA    345 UALTA,17-JUL-2020 01,30.17
1,UN.ALTA    345 UALTB,17-JUL-2020 01,30.17
1,UN.BRIGHTON345 UBGH,17-JUL-2020 01,30.14
1,UN.BRIGHTON345 UBGH2,17-JUL-2020 01,30.14
1,UN.KENT    345 UKEN,17-JUL-2020 01,30.18
1,UN.PARKCITY345 UPRK,17-JUL-2020 01,30.18
1,UN.SOLITUDE345 USOL,17-JUL-2020 01,30
1,UN.SUNDANCE345 USUN,17-JUL-2020 01,30.11
1,UN.VICTORIA345 UVIC,17-JUL-2020 01,30.18
1,.I.KENT    345 2,17-JUL-2020 02,30.18
1,.I.PARKCITY345 1,17-JUL-2020 02,30.18
1,.I.VICTORIA345 1,17-JUL-2020 02,30.18
1,.Z.NORTH,17-JUL-2020 02,30.06
1,.Z.SOUTH,17-JUL-2020 02,30.16
1,AR.BRIGHTON345 UBGH2P,17-JUL-2020 02,30.14
1,AR.BRIGHTON345 UBGHP,17-JUL-2020 02,30.14
1,AR.SUNDANCE345 FAIRC,17-JUL-2020 02,30.11
1,DR.NORTH,17-JUL-2020 02,30.06
1,DR.SOUTH_EAST,17-JUL-2020 02,30.18
1,LD.KENT    230 KNT2,17-JUL-2020 02,30.18
1,LD.KENT    345 KNT1,17-JUL-2020 02,30.18
1,LD.MIDWAY  345,17-JUL-2020 02,30.14
1,LD.MIDWAY  345 MID1,17-JUL-2020 02,30.14
1,LD.MIDWAY  345 MID2,17-JUL-2020 02,30.14
1,LD.PARKCITY345 LPRK,17-JUL-2020 02,30.18
1,LD.SOLITUDE230 LSOL,17-JUL-2020 02,30.02
1,LD.SUNDANCE345 LSUN,17-JUL-2020 02,30.11
1,LD.VICTORIA345 LVIC,17-JUL-2020 02,30.18
1,UN.ALTA    345 PRIV,17-JUL-2020 02,30.17
1,UN.ALTA    345 UALT,17-JUL-2020 02,30.17
1,UN.ALTA    345 UALT2,17-JUL-2020 02,30.17
1,UN.ALTA    345 UALT3,17-JUL-2020 02,30.17
1,UN.ALTA    345 UALTA,17-JUL-2020 02,30.17
1,UN.ALTA    345 UALTB,17-JUL-2020 02,30.17
1,UN.BRIGHTON345 UBGH,17-JUL-2020 02,30.14
1,UN.BRIGHTON345 UBGH2,17-JUL-2020 02,30.14
1,UN.KENT    345 UKEN,17-JUL-2020 02,30.18
1,UN.PARKCITY345 UPRK,17-JUL-2020 02,30.18
1,UN.SOLITUDE345 USOL,17-JUL-2020 02,30
1,UN.SUNDANCE345 USUN,17-JUL-2020 02,30.11
1,UN.VICTORIA345 UVIC,17-JUL-2020 02,30.18
1,.I.KENT    345 2,17-JUL-2020 03,30.18
1,.I.PARKCITY345 1,17-JUL-2020 03,30.18
1,.I.VICTORIA345 1,17-JUL-2020 03,30.18
1,.Z.NORTH,17-JUL-2020 03,30.06
1,.Z.SOUTH,17-JUL-2020 03,30.16
1,AR.BRIGHTON345 UBGH2P,17-JUL-2020 03,30.14
1,AR.BRIGHTON345 UBGHP,17-JUL-2020 03,30.14
1,AR.SUNDANCE345 FAIRC,17-JUL-2020 03,30.11
1,DR.NORTH,17-JUL-2020 03,30.06
1,DR.SOUTH_EAST,17-JUL-2020 03,30.18
1,LD.KENT    230 KNT2,17-JUL-2020 03,30.18
1,LD.KENT    345 KNT1,17-JUL-2020 03,30.18
1,LD.MIDWAY  345,17-JUL-2020 03,30.14
1,LD.MIDWAY  345 MID1,17-JUL-2020 03,30.14
1,LD.MIDWAY  345 MID2,17-JUL-2020 03,30.14
1,LD.PARKCITY345 LPRK,17-JUL-2020 03,30.18
1,LD.SOLITUDE230 LSOL,17-JUL-2020 03,30.02
1,LD.SUNDANCE345 LSUN,17-JUL-2020 03,30.11
1,LD.VICTORIA345 LVIC,17-JUL-2020 03,30.18
1,UN.ALTA    345 PRIV,17-JUL-2020 03,30.17
1,UN.ALTA    345 UALT,17-JUL-2020 03,30.17
1,UN.ALTA    345 UALT2,17-JUL-2020 03,30.17
1,UN.ALTA    345 UALT3,17-JUL-2020 03,30.17
1,UN.ALTA    345 UALTA,17-JUL-2020 03,30.17
1,UN.ALTA    345 UALTB,17-JUL-2020 03,30.17
1,UN.BRIGHTON345 UBGH,17-JUL-2020 03,30.14
1,UN.BRIGHTON345 UBGH2,17-JUL-2020 03,30.14
1,UN.KENT    345 UKEN,17-JUL-2020 03,30.18
1,UN.PARKCITY345 UPRK,17-JUL-2020 03,30.18
1,UN.SOLITUDE345 USOL,17-JUL-2020 03,30
1,UN.SUNDANCE345 USUN,17-JUL-2020 03,30.11
1,UN.VICTORIA345 UVIC,17-JUL-2020 03,30.18
1,.I.KENT    345 2,17-JUL-2020 04,30.18
1,.I.PARKCITY345 1,17-JUL-2020 04,30.18
1,.I.VICTORIA345 1,17-JUL-2020 04,30.18
1,.Z.NORTH,17-JUL-2020 04,30.06
1,.Z.SOUTH,17-JUL-2020 04,30.16
1,AR.BRIGHTON345 UBGH2P,17-JUL-2020 04,30.14
1,AR.BRIGHTON345 UBGHP,17-JUL-2020 04,30.14
1,AR.SUNDANCE345 FAIRC,17-JUL-2020 04,30.11
1,DR.NORTH,17-JUL-2020 04,30.06
1,DR.SOUTH_EAST,17-JUL-2020 04,30.18
1,LD.KENT    230 KNT2,17-JUL-2020 04,30.18
1,LD.KENT    345 KNT1,17-JUL-2020 04,30.18
1,LD.MIDWAY  345,17-JUL-2020 04,30.14
1,LD.MIDWAY  345 MID1,17-JUL-2020 04,30.14
1,LD.MIDWAY  345 MID2,17-JUL-2020 04,30.14
1,LD.PARKCITY345 LPRK,17-JUL-2020 04,30.18
1,LD.SOLITUDE230 LSOL,17-JUL-2020 04,30.02
1,LD.SUNDANCE345 LSUN,17-JUL-2020 04,30.11
1,LD.VICTORIA345 LVIC,17-JUL-2020 04,30.18
1,UN.ALTA    345 PRIV,17-JUL-2020 04,30.17
1,UN.ALTA    345 UALT,17-JUL-2020 04,30.17
1,UN.ALTA    345 UALT2,17-JUL-2020 04,30.17
1,UN.ALTA    345 UALT3,17-JUL-2020 04,30.17
1,UN.ALTA    345 UALTA,17-JUL-2020 04,30.17
1,UN.ALTA    345 UALTB,17-JUL-2020 04,30.17
1,UN.BRIGHTON345 UBGH,17-JUL-2020 04,30.14
1,UN.BRIGHTON345 UBGH2,17-JUL-2020 04,30.14
1,UN.KENT    345 UKEN,17-JUL-2020 04,30.18
1,UN.PARKCITY345 UPRK,17-JUL-2020 04,30.18
1,UN.SOLITUDE345 USOL,17-JUL-2020 04,30
1,UN.SUNDANCE345 USUN,17-JUL-2020 04,30.11
1,UN.VICTORIA345 UVIC,17-JUL-2020 04,30.18
1,.I.KENT    345 2,17-JUL-2020 05,30.18
1,.I.PARKCITY345 1,17-JUL-2020 05,30.18
1,.I.VICTORIA345 1,17-JUL-2020 05,30.18
1,.Z.NORTH,17-JUL-2020 05,30.06
1,.Z.SOUTH,17-JUL-2020 05,30.16
1,AR.BRIGHTON345 UBGH2P,17-JUL-2020 05,30.14
1,AR.BRIGHTON345 UBGHP,17-JUL-2020 05,30.14
1,AR.SUNDANCE345 FAIRC,17-JUL-2020 05,30.11
1,DR.NORTH,17-JUL-2020 05,30.06
1,DR.SOUTH_EAST,17-JUL-2020 05,30.18
1,LD.KENT    230 KNT2,17-JUL-2020 05,30.18
1,LD.KENT    345 KNT1,17-JUL-2020 05,30.18
1,LD.MIDWAY  345,17-JUL-2020 05,30.14
1,LD.MIDWAY  345 MID1,17-JUL-2020 05,30.14
1,LD.MIDWAY  345 MID2,17-JUL-2020 05,30.14
1,LD.PARKCITY345 LPRK,17-JUL-2020 05,30.18
1,LD.SOLITUDE230 LSOL,17-JUL-2020 05,30.02
1,LD.SUNDANCE345 LSUN,17-JUL-2020 05,30.11
1,LD.VICTORIA345 LVIC,17-JUL-2020 05,30.18
1,UN.ALTA    345 PRIV,17-JUL-2020 05,30.17
1,UN.ALTA    345 UALT,17-JUL-2020 05,30.17
1,UN.ALTA    345 UALT2,17-JUL-2020 05,30.17
1,UN.ALTA    345 UALT3,17-JUL-2020 05,30.17
1,UN.ALTA    345 UALTA,17-JUL-2020 05,30.17
1,UN.ALTA    345 UALTB,17-JUL-2020 05,30.17
1,UN.BRIGHTON345 UBGH,17-JUL-2020 05,30.14
1,UN.BRIGHTON345 UBGH2,17-JUL-2020 05,30.14
1,UN.KENT    345 UKEN,17-JUL-2020 05,30.18
1,UN.PARKCITY345 UPRK,17-JUL-2020 05,30.18
1,UN.SOLITUDE345 USOL,17-JUL-2020 05,30
1,UN.SUNDANCE345 USUN,17-JUL-2020 05,30.11
1,UN.VICTORIA345 UVIC,17-JUL-2020 05,30.18
1,.I.KENT    345 2,17-JUL-2020 06,30.18
1,.I.PARKCITY345 1,17-JUL-2020 06,30.18
1,.I.VICTORIA345 1,17-JUL-2020 06,30.18
1,.Z.NORTH,17-JUL-2020 06,30.06
1,.Z.SOUTH,17-JUL-2020 06,30.16
1,AR.BRIGHTON345 UBGH2P,17-JUL-2020 06,30.14
1,AR.BRIGHTON345 UBGHP,17-JUL-2020 06,30.14
1,AR.SUNDANCE345 FAIRC,17-JUL-2020 06,30.11
1,DR.NORTH,17-JUL-2020 06,30.06
1,DR.SOUTH_EAST,17-JUL-2020 06,30.18
1,LD.KENT    230 KNT2,17-JUL-2020 06,30.18
1,LD.KENT    345 KNT1,17-JUL-2020 06,30.18
1,LD.MIDWAY  345,17-JUL-2020 06,30.14
1,LD.MIDWAY  345 MID1,17-JUL-2020 06,30.14
1,LD.MIDWAY  345 MID2,17-JUL-2020 06,30.14
1,LD.PARKCITY345 LPRK,17-JUL-2020 06,30.18
1,LD.SOLITUDE230 LSOL,17-JUL-2020 06,30.02
1,LD.SUNDANCE345 LSUN,17-JUL-2020 06,30.11
1,LD.VICTORIA345 LVIC,17-JUL-2020 06,30.18
1,UN.ALTA    345 PRIV,17-JUL-2020 06,30.17
1,UN.ALTA    345 UALT,17-JUL-2020 06,30.17
1,UN.ALTA    345 UALT2,17-JUL-2020 06,30.17
1,UN.ALTA    345 UALT3,17-JUL-2020 06,30.17
1,UN.ALTA    345 UALTA,17-JUL-2020 06,30.17
1,UN.ALTA    345 UALTB,17-JUL-2020 06,30.17
1,UN.BRIGHTON345 UBGH,17-JUL-2020 06,30.14
1,UN.BRIGHTON345 UBGH2,17-JUL-2020 06,30.14
1,UN.KENT    345 UKEN,17-JUL-2020 06,30.18
1,UN.PARKCITY345 UPRK,17-JUL-2020 06,30.18
1,UN.SOLITUDE345 USOL,17-JUL-2020 06,30
1,UN.SUNDANCE345 USUN,17-JUL-2020 06,30.11
1,UN.VICTORIA345 UVIC,17-JUL-2020 06,30.18
1,.I.KENT    345 2,17-JUL-2020 07,30.18
1,.I.PARKCITY345 1,17-JUL-2020 07,30.18
1,.I.VICTORIA345 1,17-JUL-2020 07,30.18
1,.Z.NORTH,17-JUL-2020 07,30.06
1,.Z.SOUTH,17-JUL-2020 07,30.16
1,AR.BRIGHTON345 UBGH2P,17-JUL-2020 07,30.14
1,AR.BRIGHTON345 UBGHP,17-JUL-2020 07,30.14
1,AR.SUNDANCE345 FAIRC,17-JUL-2020 07,30.11
1,DR.NORTH,17-JUL-2020 07,30.06
1,DR.SOUTH_EAST,17-JUL-2020 07,30.18
1,LD.KENT    230 KNT2,17-JUL-2020 07,30.18
1,LD.KENT    345 KNT1,17-JUL-2020 07,30.18
1,LD.MIDWAY  345,17-JUL-2020 07,30.14
1,LD.MIDWAY  345 MID1,17-JUL-2020 07,30.14
1,LD.MIDWAY  345 MID2,17-JUL-2020 07,30.14
1,LD.PARKCITY345 LPRK,17-JUL-2020 07,30.18
1,LD.SOLITUDE230 LSOL,17-JUL-2020 07,30.02
1,LD.SUNDANCE345 LSUN,17-JUL-2020 07,30.11
1,LD.VICTORIA345 LVIC,17-JUL-2020 07,30.18
1,UN.ALTA    345 PRIV,17-JUL-2020 07,30.17
1,UN.ALTA    345 UALT,17-JUL-2020 07,30.17
1,UN.ALTA    345 UALT2,17-JUL-2020 07,30.17
1,UN.ALTA    345 UALT3,17-JUL-2020 07,30.17
1,UN.ALTA    345 UALTA,17-JUL-2020 07,30.17
1,UN.ALTA    345 UALTB,17-JUL-2020 07,30.17
1,UN.BRIGHTON345 UBGH,17-JUL-2020 07,30.14
1,UN.BRIGHTON345 UBGH2,17-JUL-2020 07,30.14
1,UN.KENT    345 UKEN,17-JUL-2020 07,30.18
1,UN.PARKCITY345 UPRK,17-JUL-2020 07,30.18
1,UN.SOLITUDE345 USOL,17-JUL-2020 07,30
1,UN.SUNDANCE345 USUN,17-JUL-2020 07,30.11
1,UN.VICTORIA345 UVIC,17-JUL-2020 07,30.18
1,.I.KENT    345 2,17-JUL-2020 08,30.18
1,.I.PARKCITY345 1,17-JUL-2020 08,30.18
1,.I.VICTORIA345 1,17-JUL-2020 08,30.18
1,.Z.NORTH,17-JUL-2020 08,30.06
1,.Z.SOUTH,17-JUL-2020 08,30.16
1,AR.BRIGHTON345 UBGH2P,17-JUL-2020 08,30.14
1,AR.BRIGHTON345 UBGHP,17-JUL-2020 08,30.14
1,AR.SUNDANCE345 FAIRC,17-JUL-2020 08,30.11
1,DR.NORTH,17-JUL-2020 08,30.06
1,DR.SOUTH_EAST,17-JUL-2020 08,30.18
1,LD.KENT    230 KNT2,17-JUL-2020 08,30.18
1,LD.KENT    345 KNT1,17-JUL-2020 08,30.18
1,LD.MIDWAY  345,17-JUL-2020 08,30.14
1,LD.MIDWAY  345 MID1,17-JUL-2020 08,30.14
1,LD.MIDWAY  345 MID2,17-JUL-2020 08,30.14
1,LD.PARKCITY345 LPRK,17-JUL-2020 08,30.18
1,LD.SOLITUDE230 LSOL,17-JUL-2020 08,30.02
1,LD.SUNDANCE345 LSUN,17-JUL-2020 08,30.11
1,LD.VICTORIA345 LVIC,17-JUL-2020 08,30.18
1,UN.ALTA    345 PRIV,17-JUL-2020 08,30.17
1,UN.ALTA    345 UALT,17-JUL-2020 08,30.17
1,UN.ALTA    345 UALT2,17-JUL-2020 08,30.17
1,UN.ALTA    345 UALT3,17-JUL-2020 08,30.17
1,UN.ALTA    345 UALTA,17-JUL-2020 08,30.17
1,UN.ALTA    345 UALTB,17-JUL-2020 08,30.17
1,UN.BRIGHTON345 UBGH,17-JUL-2020 08,30.14
1,UN.BRIGHTON345 UBGH2,17-JUL-2020 08,30.14
1,UN.KENT    345 UKEN,17-JUL-2020 08,30.18
1,UN.PARKCITY345 UPRK,17-JUL-2020 08,30.18
1,UN.SOLITUDE345 USOL,17-JUL-2020 08,30
1,UN.SUNDANCE345 USUN,17-JUL-2020 08,30.11
1,UN.VICTORIA345 UVIC,17-JUL-2020 08,30.18
1,.I.KENT    345 2,17-JUL-2020 09,30.18
1,.I.PARKCITY345 1,17-JUL-2020 09,30.18
1,.I.VICTORIA345 1,17-JUL-2020 09,30.18
1,.Z.NORTH,17-JUL-2020 09,30.06
1,.Z.SOUTH,17-JUL-2020 09,30.16
1,AR.BRIGHTON345 UBGH2P,17-JUL-2020 09,30.14
1,AR.BRIGHTON345 UBGHP,17-JUL-2020 09,30.14
1,AR.SUNDANCE345 FAIRC,17-JUL-2020 09,30.11
1,DR.NORTH,17-JUL-2020 09,30.06
1,DR.SOUTH_EAST,17-JUL-2020 09,30.18
1,LD.KENT    230 KNT2,17-JUL-2020 09,30.18
1,LD.KENT    345 KNT1,17-JUL-2020 09,30.18
1,LD.MIDWAY  345,17-JUL-2020 09,30.14
1,LD.MIDWAY  345 MID1,17-JUL-2020 09,30.14
1,LD.MIDWAY  345 MID2,17-JUL-2020 09,30.14
1,LD.PARKCITY345 LPRK,17-JUL-2020 09,30.18
1,LD.SOLITUDE230 LSOL,17-JUL-2020 09,30.02
1,LD.SUNDANCE345 LSUN,17-JUL-2020 09,30.11
1,LD.VICTORIA345 LVIC,17-JUL-2020 09,30.18
1,UN.ALTA    345 PRIV,17-JUL-2020 09,30.17
1,UN.ALTA    345 UALT,17-JUL-2020 09,30.17
1,UN.ALTA    345 UALT2,17-JUL-2020 09,30.17
1,UN.ALTA    345 UALT3,17-JUL-2020 09,30.17
1,UN.ALTA    345 UALTA,17-JUL-2020 09,30.17
1,UN.ALTA    345 UALTB,17-JUL-2020 09,30.17
1,UN.BRIGHTON345 UBGH,17-JUL-2020 09,30.14
1,UN.BRIGHTON345 UBGH2,17-JUL-2020 09,30.14
1,UN.KENT    345 UKEN,17-JUL-2020 09,30.18
1,UN.PARKCITY345 UPRK,17-JUL-2020 09,30.18
1,UN.SOLITUDE345 USOL,17-JUL-2020 09,30
1,UN.SUNDANCE345 USUN,17-JUL-2020 09,30.11
1,UN.VICTORIA345 UVIC,17-JUL-2020 09,30.18
1,.I.KENT    345 2,17-JUL-2020 10,30.18
1,.I.PARKCITY345 1,17-JUL-2020 10,30.18
1,.I.VICTORIA345 1,17-JUL-2020 10,30.18
1,.Z.NORTH,17-JUL-2020 10,30.06
1,.Z.SOUTH,17-JUL-2020 10,30.16
1,AR.BRIGHTON345 UBGH2P,17-JUL-2020 10,30.14
1,AR.BRIGHTON345 UBGHP,17-JUL-2020 10,30.14
1,AR.SUNDANCE345 FAIRC,17-JUL-2020 10,30.11
1,DR.NORTH,17-JUL-2020 10,30.06
1,DR.SOUTH_EAST,17-JUL-2020 10,30.18
1,LD.KENT    230 KNT2,17-JUL-2020 10,30.18
1,LD.KENT    345 KNT1,17-JUL-2020 10,30.18
1,LD.MIDWAY  345,17-JUL-2020 10,30.14
1,LD.MIDWAY  345 MID1,17-JUL-2020 10,30.14
1,LD.MIDWAY  345 MID2,17-JUL-2020 10,30.14
1,LD.PARKCITY345 LPRK,17-JUL-2020 10,30.18
1,LD.SOLITUDE230 LSOL,17-JUL-2020 10,30.02
1,LD.SUNDANCE345 LSUN,17-JUL-2020 10,30.11
1,LD.VICTORIA345 LVIC,17-JUL-2020 10,30.18
1,UN.ALTA    345 PRIV,17-JUL-2020 10,30.17
1,UN.ALTA    345 UALT,17-JUL-2020 10,30.17
1,UN.ALTA    345 UALT2,17-JUL-2020 10,30.17
1,UN.ALTA    345 UALT3,17-JUL-2020 10,30.17
1,UN.ALTA    345 UALTA,17-JUL-2020 10,30.17
1,UN.ALTA    345 UALTB,17-JUL-2020 10,30.17
1,UN.BRIGHTON345 UBGH,17-JUL-2020 10,30.14
1,UN.BRIGHTON345 UBGH2,17-JUL-2020 10,30.14
1,UN.KENT    345 UKEN,17-JUL-2020 10,30.18
1,UN.PARKCITY345 UPRK,17-JUL-2020 10,30.18
1,UN.SOLITUDE345 USOL,17-JUL-2020 10,30
1,UN.SUNDANCE345 USUN,17-JUL-2020 10,30.11
1,UN.VICTORIA345 UVIC,17-JUL-2020 10,30.18
1,.I.KENT    345 2,17-JUL-2020 11,30.18
1,.I.PARKCITY345 1,17-JUL-2020 11,30.18
1,.I.VICTORIA345 1,17-JUL-2020 11,30.18
1,.Z.NORTH,17-JUL-2020 11,30.06
1,.Z.SOUTH,17-JUL-2020 11,30.16
1,AR.BRIGHTON345 UBGH2P,17-JUL-2020 11,30.14
1,AR.BRIGHTON345 UBGHP,17-JUL-2020 11,30.14
1,AR.SUNDANCE345 FAIRC,17-JUL-2020 11,30.11
1,DR.NORTH,17-JUL-2020 11,30.06
1,DR.SOUTH_EAST,17-JUL-2020 11,30.18
1,LD.KENT    230 KNT2,17-JUL-2020 11,30.18
1,LD.KENT    345 KNT1,17-JUL-2020 11,30.18
1,LD.MIDWAY  345,17-JUL-2020 11,30.14
1,LD.MIDWAY  345 MID1,17-JUL-2020 11,30.14
1,LD.MIDWAY  345 MID2,17-JUL-2020 11,30.14
1,LD.PARKCITY345 LPRK,17-JUL-2020 11,30.18
1,LD.SOLITUDE230 LSOL,17-JUL-2020 11,30.02
1,LD.SUNDANCE345 LSUN,17-JUL-2020 11,30.11
1,LD.VICTORIA345 LVIC,17-JUL-2020 11,30.18
1,UN.ALTA    345 PRIV,17-JUL-2020 11,30.17
1,UN.ALTA    345 UALT,17-JUL-2020 11,30.17
1,UN.ALTA    345 UALT2,17-JUL-2020 11,30.17
1,UN.ALTA    345 UALT3,17-JUL-2020 11,30.17
1,UN.ALTA    345 UALTA,17-JUL-2020 11,30.17
1,UN.ALTA    345 UALTB,17-JUL-2020 11,30.17
1,UN.BRIGHTON345 UBGH,17-JUL-2020 11,30.14
1,UN.BRIGHTON345 UBGH2,17-JUL-2020 11,30.14
1,UN.KENT    345 UKEN,17-JUL-2020 11,30.18
1,UN.PARKCITY345 UPRK,17-JUL-2020 11,30.18
1,UN.SOLITUDE345 USOL,17-JUL-2020 11,30
1,UN.SUNDANCE345 USUN,17-JUL-2020 11,30.11
1,UN.VICTORIA345 UVIC,17-JUL-2020 11,30.18
1,.I.KENT    345 2,17-JUL-2020 12,30.18
1,.I.PARKCITY345 1,17-JUL-2020 12,30.18
1,.I.VICTORIA345 1,17-JUL-2020 12,30.18
1,.Z.NORTH,17-JUL-2020 12,30.06
1,.Z.SOUTH,17-JUL-2020 12,30.16
1,AR.BRIGHTON345 UBGH2P,17-JUL-2020 12,30.14
1,AR.BRIGHTON345 UBGHP,17-JUL-2020 12,30.14
1,AR.SUNDANCE345 FAIRC,17-JUL-2020 12,30.11
1,DR.NORTH,17-JUL-2020 12,30.06
1,DR.SOUTH_EAST,17-JUL-2020 12,30.18
1,LD.KENT    230 KNT2,17-JUL-2020 12,30.18
1,LD.KENT    345 KNT1,17-JUL-2020 12,30.18
1,LD.MIDWAY  345,17-JUL-2020 12,30.14
1,LD.MIDWAY  345 MID1,17-JUL-2020 12,30.14
1,LD.MIDWAY  345 MID2,17-JUL-2020 12,30.14
1,LD.PARKCITY345 LPRK,17-JUL-2020 12,30.18
1,LD.SOLITUDE230 LSOL,17-JUL-2020 12,30.02
1,LD.SUNDANCE345 LSUN,17-JUL-2020 12,30.11
1,LD.VICTORIA345 LVIC,17-JUL-2020 12,30.18
1,UN.ALTA    345 PRIV,17-JUL-2020 12,30.17
1,UN.ALTA    345 UALT,17-JUL-2020 12,30.17
1,UN.ALTA    345 UALT2,17-JUL-2020 12,30.17
1,UN.ALTA    345 UALT3,17-JUL-2020 12,30.17
1,UN.ALTA    345 UALTA,17-JUL-2020 12,30.17
1,UN.ALTA    345 UALTB,17-JUL-2020 12,30.17
1,UN.BRIGHTON345 UBGH,17-JUL-2020 12,30.14
1,UN.BRIGHTON345 UBGH2,17-JUL-2020 12,30.14
1,UN.KENT    345 UKEN,17-JUL-2020 12,30.18
1,UN.PARKCITY345 UPRK,17-JUL-2020 12,30.18
1,UN.SOLITUDE345 USOL,17-JUL-2020 12,30
1,UN.SUNDANCE345 USUN,17-JUL-2020 12,30.11
1,UN.VICTORIA345 UVIC,17-JUL-2020 12,30.18
1,.I.KENT    345 2,17-JUL-2020 13,30.18
1,.I.PARKCITY345 1,17-JUL-2020 13,30.18
1,.I.VICTORIA345 1,17-JUL-2020 13,30.18
1,.Z.NORTH,17-JUL-2020 13,30.06
1,.Z.SOUTH,17-JUL-2020 13,30.16
1,AR.BRIGHTON345 UBGH2P,17-JUL-2020 13,30.14
1,AR.BRIGHTON345 UBGHP,17-JUL-2020 13,30.14
1,AR.SUNDANCE345 FAIRC,17-JUL-2020 13,30.11
1,DR.NORTH,17-JUL-2020 13,30.06
1,DR.SOUTH_EAST,17-JUL-2020 13,30.18
1,LD.KENT    230 KNT2,17-JUL-2020 13,30.18
1,LD.KENT    345 KNT1,17-JUL-2020 13,30.18
1,LD.MIDWAY  345,17-JUL-2020 13,30.14
1,LD.MIDWAY  345 MID1,17-JUL-2020 13,30.14
1,LD.MIDWAY  345 MID2,17-JUL-2020 13,30.14
1,LD.PARKCITY345 LPRK,17-JUL-2020 13,30.18
1,LD.SOLITUDE230 LSOL,17-JUL-2020 13,30.02
1,LD.SUNDANCE345 LSUN,17-JUL-2020 13,30.11
1,LD.VICTORIA345 LVIC,17-JUL-2020 13,30.18
1,UN.ALTA    345 PRIV,17-JUL-2020 13,30.17
1,UN.ALTA    345 UALT,17-JUL-2020 13,30.17
1,UN.ALTA    345 UALT2,17-JUL-2020 13,30.17
1,UN.ALTA    345 UALT3,17-JUL-2020 13,30.17
1,UN.ALTA    345 UALTA,17-JUL-2020 13,30.17
1,UN.ALTA    345 UALTB,17-JUL-2020 13,30.17
1,UN.BRIGHTON345 UBGH,17-JUL-2020 13,30.14
1,UN.BRIGHTON345 UBGH2,17-JUL-2020 13,30.14
1,UN.KENT    345 UKEN,17-JUL-2020 13,30.18
1,UN.PARKCITY345 UPRK,17-JUL-2020 13,30.18
1,UN.SOLITUDE345 USOL,17-JUL-2020 13,30
1,UN.SUNDANCE345 USUN,17-JUL-2020 13,30.11
1,UN.VICTORIA345 UVIC,17-JUL-2020 13,30.18
1,.I.KENT    345 2,17-JUL-2020 14,30.18
1,.I.PARKCITY345 1,17-JUL-2020 14,30.18
1,.I.VICTORIA345 1,17-JUL-2020 14,30.18
1,.Z.NORTH,17-JUL-2020 14,30.06
1,.Z.SOUTH,17-JUL-2020 14,30.16
1,AR.BRIGHTON345 UBGH2P,17-JUL-2020 14,30.14
1,AR.BRIGHTON345 UBGHP,17-JUL-2020 14,30.14
1,AR.SUNDANCE345 FAIRC,17-JUL-2020 14,30.11
1,DR.NORTH,17-JUL-2020 14,30.06
1,DR.SOUTH_EAST,17-JUL-2020 14,30.18
1,LD.KENT    230 KNT2,17-JUL-2020 14,30.18
1,LD.KENT    345 KNT1,17-JUL-2020 14,30.18
1,LD.MIDWAY  345,17-JUL-2020 14,30.14
1,LD.MIDWAY  345 MID1,17-JUL-2020 14,30.14
1,LD.MIDWAY  345 MID2,17-JUL-2020 14,30.14
1,LD.PARKCITY345 LPRK,17-JUL-2020 14,30.18
1,LD.SOLITUDE230 LSOL,17-JUL-2020 14,30.02
1,LD.SUNDANCE345 LSUN,17-JUL-2020 14,30.11
1,LD.VICTORIA345 LVIC,17-JUL-2020 14,30.18
1,UN.ALTA    345 PRIV,17-JUL-2020 14,30.17
1,UN.ALTA    345 UALT,17-JUL-2020 14,30.17
1,UN.ALTA    345 UALT2,17-JUL-2020 14,30.17
1,UN.ALTA    345 UALT3,17-JUL-2020 14,30.17
1,UN.ALTA    345 UALTA,17-JUL-2020 14,30.17
1,UN.ALTA    345 UALTB,17-JUL-2020 14,30.17
1,UN.BRIGHTON345 UBGH,17-JUL-2020 14,30.14
1,UN.BRIGHTON345 UBGH2,17-JUL-2020 14,30.14
1,UN.KENT    345 UKEN,17-JUL-2020 14,30.18
1,UN.PARKCITY345 UPRK,17-JUL-2020 14,30.18
1,UN.SOLITUDE345 USOL,17-JUL-2020 14,30
1,UN.SUNDANCE345 USUN,17-JUL-2020 14,30.11
1,UN.VICTORIA345 UVIC,17-JUL-2020 14,30.18
1,.I.KENT    345 2,17-JUL-2020 15,30.18
1,.I.PARKCITY345 1,17-JUL-2020 15,30.18
1,.I.VICTORIA345 1,17-JUL-2020 15,30.18
1,.Z.NORTH,17-JUL-2020 15,30.06
1,.Z.SOUTH,17-JUL-2020 15,30.16
1,AR.BRIGHTON345 UBGH2P,17-JUL-2020 15,30.14
1,AR.BRIGHTON345 UBGHP,17-JUL-2020 15,30.14
1,AR.SUNDANCE345 FAIRC,17-JUL-2020 15,30.11
1,DR.NORTH,17-JUL-2020 15,30.06
1,DR.SOUTH_EAST,17-JUL-2020 15,30.18
1,LD.KENT    230 KNT2,17-JUL-2020 15,30.18
1,LD.KENT    345 KNT1,17-JUL-2020 15,30.18
1,LD.MIDWAY  345,17-JUL-2020 15,30.14
1,LD.MIDWAY  345 MID1,17-JUL-2020 15,30.14
1,LD.MIDWAY  345 MID2,17-JUL-2020 15,30.14
1,LD.PARKCITY345 LPRK,17-JUL-2020 15,30.18
1,LD.SOLITUDE230 LSOL,17-JUL-2020 15,30.02
1,LD.SUNDANCE345 LSUN,17-JUL-2020 15,30.11
1,LD.VICTORIA345 LVIC,17-JUL-2020 15,30.18
1,UN.ALTA    345 PRIV,17-JUL-2020 15,30.17
1,UN.ALTA    345 UALT,17-JUL-2020 15,30.17
1,UN.ALTA    345 UALT2,17-JUL-2020 15,30.17
1,UN.ALTA    345 UALT3,17-JUL-2020 15,30.17
1,UN.ALTA    345 UALTA,17-JUL-2020 15,30.17
1,UN.ALTA    345 UALTB,17-JUL-2020 15,30.17
1,UN.BRIGHTON345 UBGH,17-JUL-2020 15,30.14
1,UN.BRIGHTON345 UBGH2,17-JUL-2020 15,30.14
1,UN.KENT    345 UKEN,17-JUL-2020 15,30.18
1,UN.PARKCITY345 UPRK,17-JUL-2020 15,30.18
1,UN.SOLITUDE345 USOL,17-JUL-2020 15,30
1,UN.SUNDANCE345 USUN,17-JUL-2020 15,30.11
1,UN.VICTORIA345 UVIC,17-JUL-2020 15,30.18
1,.I.KENT    345 2,17-JUL-2020 16,30.18
1,.I.PARKCITY345 1,17-JUL-2020 16,30.18
1,.I.VICTORIA345 1,17-JUL-2020 16,30.18
1,.Z.NORTH,17-JUL-2020 16,30.06
1,.Z.SOUTH,17-JUL-2020 16,30.16
1,AR.BRIGHTON345 UBGH2P,17-JUL-2020 16,30.14
1,AR.BRIGHTON345 UBGHP,17-JUL-2020 16,30.14
1,AR.SUNDANCE345 FAIRC,17-JUL-2020 16,30.11
1,DR.NORTH,17-JUL-2020 16,30.06
1,DR.SOUTH_EAST,17-JUL-2020 16,30.18
1,LD.KENT    230 KNT2,17-JUL-2020 16,30.18
1,LD.KENT    345 KNT1,17-JUL-2020 16,30.18
1,LD.MIDWAY  345,17-JUL-2020 16,30.14
1,LD.MIDWAY  345 MID1,17-JUL-2020 16,30.14
1,LD.MIDWAY  345 MID2,17-JUL-2020 16,30.14
1,LD.PARKCITY345 LPRK,17-JUL-2020 16,30.18
1,LD.SOLITUDE230 LSOL,17-JUL-2020 16,30.02
1,LD.SUNDANCE345 LSUN,17-JUL-2020 16,30.11
1,LD.VICTORIA345 LVIC,17-JUL-2020 16,30.18
1,UN.ALTA    345 PRIV,17-JUL-2020 16,30.17
1,UN.ALTA    345 UALT,17-JUL-2020 16,30.17
1,UN.ALTA    345 UALT2,17-JUL-2020 16,30.17
1,UN.ALTA    345 UALT3,17-JUL-2020 16,30.17
1,UN.ALTA    345 UALTA,17-JUL-2020 16,30.17
1,UN.ALTA    345 UALTB,17-JUL-2020 16,30.17
1,UN.BRIGHTON345 UBGH,17-JUL-2020 16,30.14
1,UN.BRIGHTON345 UBGH2,17-JUL-2020 16,30.14
1,UN.KENT    345 UKEN,17-JUL-2020 16,30.18
1,UN.PARKCITY345 UPRK,17-JUL-2020 16,30.18
1,UN.SOLITUDE345 USOL,17-JUL-2020 16,30
1,UN.SUNDANCE345 USUN,17-JUL-2020 16,30.11
1,UN.VICTORIA345 UVIC,17-JUL-2020 16,30.18
1,.I.KENT    345 2,17-JUL-2020 17,30.18
1,.I.PARKCITY345 1,17-JUL-2020 17,30.18
1,.I.VICTORIA345 1,17-JUL-2020 17,30.18
1,.Z.NORTH,17-JUL-2020 17,30.06
1,.Z.SOUTH,17-JUL-2020 17,30.16
1,AR.BRIGHTON345 UBGH2P,17-JUL-2020 17,30.14
1,AR.BRIGHTON345 UBGHP,17-JUL-2020 17,30.14
1,AR.SUNDANCE345 FAIRC,17-JUL-2020 17,30.11
1,DR.NORTH,17-JUL-2020 17,30.06
1,DR.SOUTH_EAST,17-JUL-2020 17,30.18
1,LD.KENT    230 KNT2,17-JUL-2020 17,30.18
1,LD.KENT    345 KNT1,17-JUL-2020 17,30.18
1,LD.MIDWAY  345,17-JUL-2020 17,30.14
1,LD.MIDWAY  345 MID1,17-JUL-2020 17,30.14
1,LD.MIDWAY  345 MID2,17-JUL-2020 17,30.14
1,LD.PARKCITY345 LPRK,17-JUL-2020 17,30.18
1,LD.SOLITUDE230 LSOL,17-JUL-2020 17,30.02
1,LD.SUNDANCE345 LSUN,17-JUL-2020 17,30.11
1,LD.VICTORIA345 LVIC,17-JUL-2020 17,30.18
1,UN.ALTA    345 PRIV,17-JUL-2020 17,30.17
1,UN.ALTA    345 UALT,17-JUL-2020 17,30.17
1,UN.ALTA    345 UALT2,17-JUL-2020 17,30.17
1,UN.ALTA    345 UALT3,17-JUL-2020 17,30.17
1,UN.ALTA    345 UALTA,17-JUL-2020 17,30.17
1,UN.ALTA    345 UALTB,17-JUL-2020 17,30.17
1,UN.BRIGHTON345 UBGH,17-JUL-2020 17,30.14
1,UN.BRIGHTON345 UBGH2,17-JUL-2020 17,30.14
1,UN.KENT    345 UKEN,17-JUL-2020 17,30.18
1,UN.PARKCITY345 UPRK,17-JUL-2020 17,30.18
1,UN.SOLITUDE345 USOL,17-JUL-2020 17,30
1,UN.SUNDANCE345 USUN,17-JUL-2020 17,30.11
1,UN.VICTORIA345 UVIC,17-JUL-2020 17,30.18
1,.I.KENT    345 2,17-JUL-2020 18,30.18
1,.I.PARKCITY345 1,17-JUL-2020 18,30.18
1,.I.VICTORIA345 1,17-JUL-2020 18,30.18
1,.Z.NORTH,17-JUL-2020 18,30.06
1,.Z.SOUTH,17-JUL-2020 18,30.16
1,AR.BRIGHTON345 UBGH2P,17-JUL-2020 18,30.14
1,AR.BRIGHTON345 UBGHP,17-JUL-2020 18,30.14
1,AR.SUNDANCE345 FAIRC,17-JUL-2020 18,30.11
1,DR.NORTH,17-JUL-2020 18,30.06
1,DR.SOUTH_EAST,17-JUL-2020 18,30.18
1,LD.KENT    230 KNT2,17-JUL-2020 18,30.18
1,LD.KENT    345 KNT1,17-JUL-2020 18,30.18
1,LD.MIDWAY  345,17-JUL-2020 18,30.14
1,LD.MIDWAY  345 MID1,17-JUL-2020 18,30.14
1,LD.MIDWAY  345 MID2,17-JUL-2020 18,30.14
1,LD.PARKCITY345 LPRK,17-JUL-2020 18,30.18
1,LD.SOLITUDE230 LSOL,17-JUL-2020 18,30.02
1,LD.SUNDANCE345 LSUN,17-JUL-2020 18,30.11
1,LD.VICTORIA345 LVIC,17-JUL-2020 18,30.18
1,UN.ALTA    345 PRIV,17-JUL-2020 18,30.17
1,UN.ALTA    345 UALT,17-JUL-2020 18,30.17
1,UN.ALTA    345 UALT2,17-JUL-2020 18,30.17
1,UN.ALTA    345 UALT3,17-JUL-2020 18,30.17
1,UN.ALTA    345 UALTA,17-JUL-2020 18,30.17
1,UN.ALTA    345 UALTB,17-JUL-2020 18,30.17
1,UN.BRIGHTON345 UBGH,17-JUL-2020 18,30.14
1,UN.BRIGHTON345 UBGH2,17-JUL-2020 18,30.14
1,UN.KENT    345 UKEN,17-JUL-2020 18,30.18
1,UN.PARKCITY345 UPRK,17-JUL-2020 18,30.18
1,UN.SOLITUDE345 USOL,17-JUL-2020 18,30
1,UN.SUNDANCE345 USUN,17-JUL-2020 18,30.11
1,UN.VICTORIA345 UVIC,17-JUL-2020 18,30.18
1,.I.KENT    345 2,17-JUL-2020 19,30.18
1,.I.PARKCITY345 1,17-JUL-2020 19,30.18
1,.I.VICTORIA345 1,17-JUL-2020 19,30.18
1,.Z.NORTH,17-JUL-2020 19,30.06
1,.Z.SOUTH,17-JUL-2020 19,30.16
1,AR.BRIGHTON345 UBGH2P,17-JUL-2020 19,30.14
1,AR.BRIGHTON345 UBGHP,17-JUL-2020 19,30.14
1,AR.SUNDANCE345 FAIRC,17-JUL-2020 19,30.11
1,DR.NORTH,17-JUL-2020 19,30.06
1,DR.SOUTH_EAST,17-JUL-2020 19,30.18
1,LD.KENT    230 KNT2,17-JUL-2020 19,30.18
1,LD.KENT    345 KNT1,17-JUL-2020 19,30.18
1,LD.MIDWAY  345,17-JUL-2020 19,30.14
1,LD.MIDWAY  345 MID1,17-JUL-2020 19,30.14
1,LD.MIDWAY  345 MID2,17-JUL-2020 19,30.14
1,LD.PARKCITY345 LPRK,17-JUL-2020 19,30.18
1,LD.SOLITUDE230 LSOL,17-JUL-2020 19,30.02
1,LD.SUNDANCE345 LSUN,17-JUL-2020 19,30.11
1,LD.VICTORIA345 LVIC,17-JUL-2020 19,30.18
1,UN.ALTA    345 PRIV,17-JUL-2020 19,30.17
1,UN.ALTA    345 UALT,17-JUL-2020 19,30.17
1,UN.ALTA    345 UALT2,17-JUL-2020 19,30.17
1,UN.ALTA    345 UALT3,17-JUL-2020 19,30.17
1,UN.ALTA    345 UALTA,17-JUL-2020 19,30.17
1,UN.ALTA    345 UALTB,17-JUL-2020 19,30.17
1,UN.BRIGHTON345 UBGH,17-JUL-2020 19,30.14
1,UN.BRIGHTON345 UBGH2,17-JUL-2020 19,30.14
1,UN.KENT    345 UKEN,17-JUL-2020 19,30.18
1,UN.PARKCITY345 UPRK,17-JUL-2020 19,30.18
1,UN.SOLITUDE345 USOL,17-JUL-2020 19,30
1,UN.SUNDANCE345 USUN,17-JUL-2020 19,30.11
1,UN.VICTORIA345 UVIC,17-JUL-2020 19,30.18
1,.I.KENT    345 2,17-JUL-2020 20,30.18
1,.I.PARKCITY345 1,17-JUL-2020 20,30.18
1,.I.VICTORIA345 1,17-JUL-2020 20,30.18
1,.Z.NORTH,17-JUL-2020 20,30.06
1,.Z.SOUTH,17-JUL-2020 20,30.16
1,AR.BRIGHTON345 UBGH2P,17-JUL-2020 20,30.14
1,AR.BRIGHTON345 UBGHP,17-JUL-2020 20,30.14
1,AR.SUNDANCE345 FAIRC,17-JUL-2020 20,30.11
1,DR.NORTH,17-JUL-2020 20,30.06
1,DR.SOUTH_EAST,17-JUL-2020 20,30.18
1,LD.KENT    230 KNT2,17-JUL-2020 20,30.18
1,LD.KENT    345 KNT1,17-JUL-2020 20,30.18
1,LD.MIDWAY  345,17-JUL-2020 20,30.14
1,LD.MIDWAY  345 MID1,17-JUL-2020 20,30.14
1,LD.MIDWAY  345 MID2,17-JUL-2020 20,30.14
1,LD.PARKCITY345 LPRK,17-JUL-2020 20,30.18
1,LD.SOLITUDE230 LSOL,17-JUL-2020 20,30.02
1,LD.SUNDANCE345 LSUN,17-JUL-2020 20,30.11
1,LD.VICTORIA345 LVIC,17-JUL-2020 20,30.18
1,UN.ALTA    345 PRIV,17-JUL-2020 20,30.17
1,UN.ALTA    345 UALT,17-JUL-2020 20,30.17
1,UN.ALTA    345 UALT2,17-JUL-2020 20,30.17
1,UN.ALTA    345 UALT3,17-JUL-2020 20,30.17
1,UN.ALTA    345 UALTA,17-JUL-2020 20,30.17
1,UN.ALTA    345 UALTB,17-JUL-2020 20,30.17
1,UN.BRIGHTON345 UBGH,17-JUL-2020 20,30.14
1,UN.BRIGHTON345 UBGH2,17-JUL-2020 20,30.14
1,UN.KENT    345 UKEN,17-JUL-2020 20,30.18
1,UN.PARKCITY345 UPRK,17-JUL-2020 20,30.18
1,UN.SOLITUDE345 USOL,17-JUL-2020 20,30
1,UN.SUNDANCE345 USUN,17-JUL-2020 20,30.11
1,UN.VICTORIA345 UVIC,17-JUL-2020 20,30.18
1,.I.KENT    345 2,17-JUL-2020 21,30.18
1,.I.PARKCITY345 1,17-JUL-2020 21,30.18
1,.I.VICTORIA345 1,17-JUL-2020 21,30.18
1,.Z.NORTH,17-JUL-2020 21,30.06
1,.Z.SOUTH,17-JUL-2020 21,30.16
1,AR.BRIGHTON345 UBGH2P,17-JUL-2020 21,30.14
1,AR.BRIGHTON345 UBGHP,17-JUL-2020 21,30.14
1,AR.SUNDANCE345 FAIRC,17-JUL-2020 21,30.11
1,DR.NORTH,17-JUL-2020 21,30.06
1,DR.SOUTH_EAST,17-JUL-2020 21,30.18
1,LD.KENT    230 KNT2,17-JUL-2020 21,30.18
1,LD.KENT    345 KNT1,17-JUL-2020 21,30.18
1,LD.MIDWAY  345,17-JUL-2020 21,30.14
1,LD.MIDWAY  345 MID1,17-JUL-2020 21,30.14
1,LD.MIDWAY  345 MID2,17-JUL-2020 21,30.14
1,LD.PARKCITY345 LPRK,17-JUL-2020 21,30.18
1,LD.SOLITUDE230 LSOL,17-JUL-2020 21,30.02
1,LD.SUNDANCE345 LSUN,17-JUL-2020 21,30.11
1,LD.VICTORIA345 LVIC,17-JUL-2020 21,30.18
1,UN.ALTA    345 PRIV,17-JUL-2020 21,30.17
1,UN.ALTA    345 UALT,17-JUL-2020 21,30.17
1,UN.ALTA    345 UALT2,17-JUL-2020 21,30.17
1,UN.ALTA    345 UALT3,17-JUL-2020 21,30.17
1,UN.ALTA    345 UALTA,17-JUL-2020 21,30.17
1,UN.ALTA    345 UALTB,17-JUL-2020 21,30.17
1,UN.BRIGHTON345 UBGH,17-JUL-2020 21,30.14
1,UN.BRIGHTON345 UBGH2,17-JUL-2020 21,30.14
1,UN.KENT    345 UKEN,17-JUL-2020 21,30.18
1,UN.PARKCITY345 UPRK,17-JUL-2020 21,30.18
1,UN.SOLITUDE345 USOL,17-JUL-2020 21,30
1,UN.SUNDANCE345 USUN,17-JUL-2020 21,30.11
1,UN.VICTORIA345 UVIC,17-JUL-2020 21,30.18
1,.I.KENT    345 2,17-JUL-2020 22,30.18
1,.I.PARKCITY345 1,17-JUL-2020 22,30.18
1,.I.VICTORIA345 1,17-JUL-2020 22,30.18
1,.Z.NORTH,17-JUL-2020 22,30.06
1,.Z.SOUTH,17-JUL-2020 22,30.16
1,AR.BRIGHTON345 UBGH2P,17-JUL-2020 22,30.14
1,AR.BRIGHTON345 UBGHP,17-JUL-2020 22,30.14
1,AR.SUNDANCE345 FAIRC,17-JUL-2020 22,30.11
1,DR.NORTH,17-JUL-2020 22,30.06
1,DR.SOUTH_EAST,17-JUL-2020 22,30.18
1,LD.KENT    230 KNT2,17-JUL-2020 22,30.18
1,LD.KENT    345 KNT1,17-JUL-2020 22,30.18
1,LD.MIDWAY  345,17-JUL-2020 22,30.14
1,LD.MIDWAY  345 MID1,17-JUL-2020 22,30.14
1,LD.MIDWAY  345 MID2,17-JUL-2020 22,30.14
1,LD.PARKCITY345 LPRK,17-JUL-2020 22,30.18
1,LD.SOLITUDE230 LSOL,17-JUL-2020 22,30.02
1,LD.SUNDANCE345 LSUN,17-JUL-2020 22,30.11
1,LD.VICTORIA345 LVIC,17-JUL-2020 22,30.18
1,UN.ALTA    345 PRIV,17-JUL-2020 22,30.17
1,UN.ALTA    345 UALT,17-JUL-2020 22,30.17
1,UN.ALTA    345 UALT2,17-JUL-2020 22,30.17
1,UN.ALTA    345 UALT3,17-JUL-2020 22,30.17
1,UN.ALTA    345 UALTA,17-JUL-2020 22,30.17
1,UN.ALTA    345 UALTB,17-JUL-2020 22,30.17
1,UN.BRIGHTON345 UBGH,17-JUL-2020 22,30.14
1,UN.BRIGHTON345 UBGH2,17-JUL-2020 22,30.14
1,UN.KENT    345 UKEN,17-JUL-2020 22,30.18
1,UN.PARKCITY345 UPRK,17-JUL-2020 22,30.18
1,UN.SOLITUDE345 USOL,17-JUL-2020 22,30
1,UN.SUNDANCE345 USUN,17-JUL-2020 22,30.11
1,UN.VICTORIA345 UVIC,17-JUL-2020 22,30.18
1,.I.KENT    345 2,17-JUL-2020 23,30.18
1,.I.PARKCITY345 1,17-JUL-2020 23,30.18
1,.I.VICTORIA345 1,17-JUL-2020 23,30.18
1,.Z.NORTH,17-JUL-2020 23,30.06
1,.Z.SOUTH,17-JUL-2020 23,30.16
1,AR.BRIGHTON345 UBGH2P,17-JUL-2020 23,30.14
1,AR.BRIGHTON345 UBGHP,17-JUL-2020 23,30.14
1,AR.SUNDANCE345 FAIRC,17-JUL-2020 23,30.11
1,DR.NORTH,17-JUL-2020 23,30.06
1,DR.SOUTH_EAST,17-JUL-2020 23,30.18
1,LD.KENT    230 KNT2,17-JUL-2020 23,30.18
1,LD.KENT    345 KNT1,17-JUL-2020 23,30.18
1,LD.MIDWAY  345,17-JUL-2020 23,30.14
1,LD.MIDWAY  345 MID1,17-JUL-2020 23,30.14
1,LD.MIDWAY  345 MID2,17-JUL-2020 23,30.14
1,LD.PARKCITY345 LPRK,17-JUL-2020 23,30.18
1,LD.SOLITUDE230 LSOL,17-JUL-2020 23,30.02
1,LD.SUNDANCE345 LSUN,17-JUL-2020 23,30.11
1,LD.VICTORIA345 LVIC,17-JUL-2020 23,30.18
1,UN.ALTA    345 PRIV,17-JUL-2020 23,30.17
1,UN.ALTA    345 UALT,17-JUL-2020 23,30.17
1,UN.ALTA    345 UALT2,17-JUL-2020 23,30.17
1,UN.ALTA    345 UALT3,17-JUL-2020 23,30.17
1,UN.ALTA    345 UALTA,17-JUL-2020 23,30.17
1,UN.ALTA    345 UALTB,17-JUL-2020 23,30.17
1,UN.BRIGHTON345 UBGH,17-JUL-2020 23,30.14
1,UN.BRIGHTON345 UBGH2,17-JUL-2020 23,30.14
1,UN.KENT    345 UKEN,17-JUL-2020 23,30.18
1,UN.PARKCITY345 UPRK,17-JUL-2020 23,30.18
1,UN.SOLITUDE345 USOL,17-JUL-2020 23,30
1,UN.SUNDANCE345 USUN,17-JUL-2020 23,30.11
1,UN.VICTORIA345 UVIC,17-JUL-2020 23,30.18
1,.I.KENT    345 2,17-JUL-2020 24,30.18
1,.I.PARKCITY345 1,17-JUL-2020 24,30.18
1,.I.VICTORIA345 1,17-JUL-2020 24,30.18
1,.Z.NORTH,17-JUL-2020 24,30.06
1,.Z.SOUTH,17-JUL-2020 24,30.16
1,AR.BRIGHTON345 UBGH2P,17-JUL-2020 24,30.14
1,AR.BRIGHTON345 UBGHP,17-JUL-2020 24,30.14
1,AR.SUNDANCE345 FAIRC,17-JUL-2020 24,30.11
1,DR.NORTH,17-JUL-2020 24,30.06
1,DR.SOUTH_EAST,17-JUL-2020 24,30.18
1,LD.KENT    230 KNT2,17-JUL-2020 24,30.18
1,LD.KENT    345 KNT1,17-JUL-2020 24,30.18
1,LD.MIDWAY  345,17-JUL-2020 24,30.14
1,LD.MIDWAY  345 MID1,17-JUL-2020 24,30.14
1,LD.MIDWAY  345 MID2,17-JUL-2020 24,30.14
1,LD.PARKCITY345 LPRK,17-JUL-2020 24,30.18
1,LD.SOLITUDE230 LSOL,17-JUL-2020 24,30.02
1,LD.SUNDANCE345 LSUN,17-JUL-2020 24,30.11
1,LD.VICTORIA345 LVIC,17-JUL-2020 24,30.18
1,UN.ALTA    345 PRIV,17-JUL-2020 24,30.17
1,UN.ALTA    345 UALT,17-JUL-2020 24,30.17
1,UN.ALTA    345 UALT2,17-JUL-2020 24,30.17
1,UN.ALTA    345 UALT3,17-JUL-2020 24,30.17
1,UN.ALTA    345 UALTA,17-JUL-2020 24,30.17
1,UN.ALTA    345 UALTB,17-JUL-2020 24,30.17
1,UN.BRIGHTON345 UBGH,17-JUL-2020 24,30.14
1,UN.BRIGHTON345 UBGH2,17-JUL-2020 24,30.14
1,UN.KENT    345 UKEN,17-JUL-2020 24,30.18
1,UN.PARKCITY345 UPRK,17-JUL-2020 24,30.18
1,UN.SOLITUDE345 USOL,17-JUL-2020 24,30
1,UN.SUNDANCE345 USUN,17-JUL-2020 24,30.11
1,UN.VICTORIA345 UVIC,17-JUL-2020 24,30.18
2,.I.KENT    345 2,17-JUL-2020 01,30.18
2,.I.PARKCITY345 1,17-JUL-2020 01,30.18
2,.I.VICTORIA345 1,17-JUL-2020 01,30.18
2,.Z.NORTH,17-JUL-2020 01,30.06
2,.Z.SOUTH,17-JUL-2020 01,30.16
2,AR.BRIGHTON345 UBGH2P,17-JUL-2020 01,30.14
2,AR.BRIGHTON345 UBGHP,17-JUL-2020 01,30.14
2,AR.SUNDANCE345 FAIRC,17-JUL-2020 01,30.11
2,DR.NORTH,17-JUL-2020 01,30.06
2,DR.SOUTH_EAST,17-JUL-2020 01,30.18
2,LD.KENT    230 KNT2,17-JUL-2020 01,30.18
2,LD.KENT    345 KNT1,17-JUL-2020 01,30.18
2,LD.MIDWAY  345,17-JUL-2020 01,30.14
2,LD.MIDWAY  345 MID1,17-JUL-2020 01,30.14
2,LD.MIDWAY  345 MID2,17-JUL-2020 01,30.14
2,LD.PARKCITY345 LPRK,17-JUL-2020 01,30.18
2,LD.SOLITUDE230 LSOL,17-JUL-2020 01,30.02
2,LD.SUNDANCE345 LSUN,17-JUL-2020 01,30.11
2,LD.VICTORIA345 LVIC,17-JUL-2020 01,30.18
2,UN.ALTA    345 PRIV,17-JUL-2020 01,30.17
2,UN.ALTA    345 UALT,17-JUL-2020 01,30.17
2,UN.ALTA    345 UALT2,17-JUL-2020 01,30.17
2,UN.ALTA    345 UALT3,17-JUL-2020 01,30.17
2,UN.ALTA    345 UALTA,17-JUL-2020 01,30.17
2,UN.ALTA    345 UALTB,17-JUL-2020 01,30.17
2,UN.BRIGHTON345 UBGH,17-JUL-2020 01,30.14
2,UN.BRIGHTON345 UBGH2,17-JUL-2020 01,30.14
2,UN.KENT    345 UKEN,17-JUL-2020 01,30.18
2,UN.PARKCITY345 UPRK,17-JUL-2020 01,30.18
2,UN.SOLITUDE345 USOL,17-JUL-2020 01,30
2,UN.SUNDANCE345 USUN,17-JUL-2020 01,30.11
2,UN.VICTORIA345 UVIC,17-JUL-2020 01,30.18
2,.I.KENT    345 2,17-JUL-2020 02,30.23
2,.I.PARKCITY345 1,17-JUL-2020 02,30.23
2,.I.VICTORIA345 1,17-JUL-2020 02,30.23
2,.Z.NORTH,17-JUL-2020 02,30.11
2,.Z.SOUTH,17-JUL-2020 02,30.21
2,AR.BRIGHTON345 UBGH2P,17-JUL-2020 02,30.19
2,AR.BRIGHTON345 UBGHP,17-JUL-2020 02,30.19
2,AR.SUNDANCE345 FAIRC,17-JUL-2020 02,30.16
2,DR.NORTH,17-JUL-2020 02,30.11
2,DR.SOUTH_EAST,17-JUL-2020 02,30.23
2,LD.KENT    230 KNT2,17-JUL-2020 02,30.23
2,LD.KENT    345 KNT1,17-JUL-2020 02,30.23
2,LD.MIDWAY  345,17-JUL-2020 02,30.19
2,LD.MIDWAY  345 MID1,17-JUL-2020 02,30.19
2,LD.MIDWAY  345 MID2,17-JUL-2020 02,30.19
2,LD.PARKCITY345 LPRK,17-JUL-2020 02,30.23
2,LD.SOLITUDE230 LSOL,17-JUL-2020 02,30.07
2,LD.SUNDANCE345 LSUN,17-JUL-2020 02,30.16
2,LD.VICTORIA345 LVIC,17-JUL-2020 02,30.23
2,UN.ALTA    345 PRIV,17-JUL-2020 02,30.22
2,UN.ALTA    345 UALT,17-JUL-2020 02,30.22
2,UN.ALTA    345 UALT2,17-JUL-2020 02,30.22
2,UN.ALTA    345 UALT3,17-JUL-2020 02,30.22
2,UN.ALTA    345 UALTA,17-JUL-2020 02,30.22
2,UN.ALTA    345 UALTB,17-JUL-2020 02,30.22
2,UN.BRIGHTON345 UBGH,17-JUL-2020 02,30.19
2,UN.BRIGHTON345 UBGH2,17-JUL-2020 02,30.19
2,UN.KENT    345 UKEN,17-JUL-2020 02,30.23
2,UN.PARKCITY345 UPRK,17-JUL-2020 02,30.23
2,UN.SOLITUDE345 USOL,17-JUL-2020 02,30.05
2,UN.SUNDANCE345 USUN,17-JUL-2020 02,30.16
2,UN.VICTORIA345 UVIC,17-JUL-2020 02,30.23
2,.I.KENT    345 2,17-JUL-2020 03,30.28
2,.I.PARKCITY345 1,17-JUL-2020 03,30.28
2,.I.VICTORIA345 1,17-JUL-2020 03,30.28
2,.Z.NORTH,17-JUL-2020 03,30.16
2,.Z.SOUTH,17-JUL-2020 03,30.26
2,AR.BRIGHTON345 UBGH2P,17-JUL-2020 03,30.24
2,AR.BRIGHTON345 UBGHP,17-JUL-2020 03,30.24
2,AR.SUNDANCE345 FAIRC,17-JUL-2020 03,30.21
2,DR.NORTH,17-JUL-2020 03,30.16
2,DR.SOUTH_EAST,17-JUL-2020 03,30.28
2,LD.KENT    230 KNT2,17-JUL-2020 03,30.28
2,LD.KENT    345 KNT1,17-JUL-2020 03,30.28
2,LD.MIDWAY  345,17-JUL-2020 03,30.24
2,LD.MIDWAY  345 MID1,17-JUL-2020 03,30.24
2,LD.MIDWAY  345 MID2,17-JUL-2020 03,30.24
2,LD.PARKCITY345 LPRK,17-JUL-2020 03,30.28
2,LD.SOLITUDE230 LSOL,17-JUL-2020 03,30.12
2,LD.SUNDANCE345 LSUN,17-JUL-2020 03,30.21
2,LD.VICTORIA345 LVIC,17-JUL-2020 03,30.28
2,UN.ALTA    345 PRIV,17-JUL-2020 03,30.27
2,UN.ALTA    345 UALT,17-JUL-2020 03,30.27
2,UN.ALTA    345 UALT2,17-JUL-2020 03,30.27
2,UN.ALTA    345 UALT3,17-JUL-2020 03,30.27
2,UN.ALTA    345 UALTA,17-JUL-2020 03,30.27
2,UN.ALTA    345 UALTB,17-JUL-2020 03,30.27
2,UN.BRIGHTON345 UBGH,17-JUL-2020 03,30.24
2,UN.BRIGHTON345 UBGH2,17-JUL-2020 03,30.24
2,UN.KENT    345 UKEN,17-JUL-2020 03,30.28
2,UN.PARKCITY345 UPRK,17-JUL-2020 03,30.28
2,UN.SOLITUDE345 USOL,17-JUL-2020 03,30.1
2,UN.SUNDANCE345 USUN,17-JUL-2020 03,30.21
2,UN.VICTORIA345 UVIC,17-JUL-2020 03,30.28
2,.I.KENT    345 2,17-JUL-2020 04,30.33
2,.I.PARKCITY345 1,17-JUL-2020 04,30.33
2,.I.VICTORIA345 1,17-JUL-2020 04,30.33
2,.Z.NORTH,17-JUL-2020 04,30.21
2,.Z.SOUTH,17-JUL-2020 04,30.31
2,AR.BRIGHTON345 UBGH2P,17-JUL-2020 04,30.29
2,AR.BRIGHTON345 UBGHP,17-JUL-2020 04,30.29
2,AR.SUNDANCE345 FAIRC,17-JUL-2020 04,30.26
2,DR.NORTH,17-JUL-2020 04,30.21
2,DR.SOUTH_EAST,17-JUL-2020 04,30.33
2,LD.KENT    230 KNT2,17-JUL-2020 04,30.33
2,LD.KENT    345 KNT1,17-JUL-2020 04,30.33
2,LD.MIDWAY  345,17-JUL-2020 04,30.29
2,LD.MIDWAY  345 MID1,17-JUL-2020 04,30.29
2,LD.MIDWAY  345 MID2,17-JUL-2020 04,30.29
2,LD.PARKCITY345 LPRK,17-JUL-2020 04,30.33
2,LD.SOLITUDE230 LSOL,17-JUL-2020 04,30.17
2,LD.SUNDANCE345 LSUN,17-JUL-2020 04,30.26
2,LD.VICTORIA345 LVIC,17-JUL-2020 04,30.33
2,UN.ALTA    345 PRIV,17-JUL-2020 04,30.32
2,UN.ALTA    345 UALT,17-JUL-2020 04,30.32
2,UN.ALTA    345 UALT2,17-JUL-2020 04,30.32
2,UN.ALTA    345 UALT3,17-JUL-2020 04,30.32
2,UN.ALTA    345 UALTA,17-JUL-2020 04,30.32
2,UN.ALTA    345 UALTB,17-JUL-2020 04,30.32
2,UN.BRIGHTON345 UBGH,17-JUL-2020 04,30.29
2,UN.BRIGHTON345 UBGH2,17-JUL-2020 04,30.29
2,UN.KENT    345 UKEN,17-JUL-2020 04,30.33
2,UN.PARKCITY345 UPRK,17-JUL-2020 04,30.33
2,UN.SOLITUDE345 USOL,17-JUL-2020 04,30.15
2,UN.SUNDANCE345 USUN,17-JUL-2020 04,30.26
2,UN.VICTORIA345 UVIC,17-JUL-2020 04,30.33
2,.I.KENT    345 2,17-JUL-2020 05,30.38
2,.I.PARKCITY345 1,17-JUL-2020 05,30.38
2,.I.VICTORIA345 1,17-JUL-2020 05,30.38
2,.Z.NORTH,17-JUL-2020 05,30.26
2,.Z.SOUTH,17-JUL-2020 05,30.36
2,AR.BRIGHTON345 UBGH2P,17-JUL-2020 05,30.34
2,AR.BRIGHTON345 UBGHP,17-JUL-2020 05,30.34
2,AR.SUNDANCE345 FAIRC,17-JUL-2020 05,30.31
2,DR.NORTH,17-JUL-2020 05,30.26
2,DR.SOUTH_EAST,17-JUL-2020 05,30.38
2,LD.KENT    230 KNT2,17-JUL-2020 05,30.38
2,LD.KENT    345 KNT1,17-JUL-2020 05,30.38
2,LD.MIDWAY  345,17-JUL-2020 05,30.34
2,LD.MIDWAY  345 MID1,17-JUL-2020 05,30.34
2,LD.MIDWAY  345 MID2,17-JUL-2020 05,30.34
2,LD.PARKCITY345 LPRK,17-JUL-2020 05,30.38
2,LD.SOLITUDE230 LSOL,17-JUL-2020 05,30.22
2,LD.SUNDANCE345 LSUN,17-JUL-2020 05,30.31
2,LD.VICTORIA345 LVIC,17-JUL-2020 05,30.38
2,UN.ALTA    345 PRIV,17-JUL-2020 05,30.37
2,UN.ALTA    345 UALT,17-JUL-2020 05,30.37
2,UN.ALTA    345 UALT2,17-JUL-2020 05,30.37
2,UN.ALTA    345 UALT3,17-JUL-2020 05,30.37
2,UN.ALTA    345 UALTA,17-JUL-2020 05,30.37
2,UN.ALTA    345 UALTB,17-JUL-2020 05,30.37
2,UN.BRIGHTON345 UBGH,17-JUL-2020 05,30.34
2,UN.BRIGHTON345 UBGH2,17-JUL-2020 05,30.34
2,UN.KENT    345 UKEN,17-JUL-2020 05,30.38
2,UN.PARKCITY345 UPRK,17-JUL-2020 05,30.38
2,UN.SOLITUDE345 USOL,17-JUL-2020 05,30.2
2,UN.SUNDANCE345 USUN,17-JUL-2020 05,30.31
2,UN.VICTORIA345 UVIC,17-JUL-2020 05,30.38
2,.I.KENT    345 2,17-JUL-2020 06,30.43
2,.I.PARKCITY345 1,17-JUL-2020 06,30.43
2,.I.VICTORIA345 1,17-JUL-2020 06,30.43
2,.Z.NORTH,17-JUL-2020 06,30.31
2,.Z.SOUTH,17-JUL-2020 06,30.41
2,AR.BRIGHTON345 UBGH2P,17-JUL-2020 06,30.39
2,AR.BRIGHTON345 UBGHP,17-JUL-2020 06,30.39
2,AR.SUNDANCE345 FAIRC,17-JUL-2020 06,30.36
2,DR.NORTH,17-JUL-2020 06,30.31
2,DR.SOUTH_EAST,17-JUL-2020 06,30.43
2,LD.KENT    230 KNT2,17-JUL-2020 06,30.43
2,LD.KENT    345 KNT1,17-JUL-2020 06,30.43
2,LD.MIDWAY  345,17-JUL-2020 06,30.39
2,LD.MIDWAY  345 MID1,17-JUL-2020 06,30.39
2,LD.MIDWAY  345 MID2,17-JUL-2020 06,30.39
2,LD.PARKCITY345 LPRK,17-JUL-2020 06,30.43
2,LD.SOLITUDE230 LSOL,17-JUL-2020 06,30.27
2,LD.SUNDANCE345 LSUN,17-JUL-2020 06,30.36
2,LD.VICTORIA345 LVIC,17-JUL-2020 06,30.43
2,UN.ALTA    345 PRIV,17-JUL-2020 06,30.42
2,UN.ALTA    345 UALT,17-JUL-2020 06,30.42
2,UN.ALTA    345 UALT2,17-JUL-2020 06,30.42
2,UN.ALTA    345 UALT3,17-JUL-2020 06,30.42
2,UN.ALTA    345 UALTA,17-JUL-2020 06,30.42
2,UN.ALTA    345 UALTB,17-JUL-2020 06,30.42
2,UN.BRIGHTON345 UBGH,17-JUL-2020 06,30.39
2,UN.BRIGHTON345 UBGH2,17-JUL-2020 06,30.39
2,UN.KENT    345 UKEN,17-JUL-2020 06,30.43
2,UN.PARKCITY345 UPRK,17-JUL-2020 06,30.43
2,UN.SOLITUDE345 USOL,17-JUL-2020 06,30.25
2,UN.SUNDANCE345 USUN,17-JUL-2020 06,30.36
2,UN.VICTORIA345 UVIC,17-JUL-2020 06,30.43
2,.I.KENT    345 2,17-JUL-2020 07,30.48
2,.I.PARKCITY345 1,17-JUL-2020 07,30.48
2,.I.VICTORIA345 1,17-JUL-2020 07,30.48
2,.Z.NORTH,17-JUL-2020 07,30.36
2,.Z.SOUTH,17-JUL-2020 07,30.46
2,AR.BRIGHTON345 UBGH2P,17-JUL-2020 07,30.44
2,AR.BRIGHTON345 UBGHP,17-JUL-2020 07,30.44
2,AR.SUNDANCE345 FAIRC,17-JUL-2020 07,30.41
2,DR.NORTH,17-JUL-2020 07,30.36
2,DR.SOUTH_EAST,17-JUL-2020 07,30.48
2,LD.KENT    230 KNT2,17-JUL-2020 07,30.48
2,LD.KENT    345 KNT1,17-JUL-2020 07,30.48
2,LD.MIDWAY  345,17-JUL-2020 07,30.44
2,LD.MIDWAY  345 MID1,17-JUL-2020 07,30.44
2,LD.MIDWAY  345 MID2,17-JUL-2020 07,30.44
2,LD.PARKCITY345 LPRK,17-JUL-2020 07,30.48
2,LD.SOLITUDE230 LSOL,17-JUL-2020 07,30.32
2,LD.SUNDANCE345 LSUN,17-JUL-2020 07,30.41
2,LD.VICTORIA345 LVIC,17-JUL-2020 07,30.48
2,UN.ALTA    345 PRIV,17-JUL-2020 07,30.47
2,UN.ALTA    345 UALT,17-JUL-2020 07,30.47
2,UN.ALTA    345 UALT2,17-JUL-2020 07,30.47
2,UN.ALTA    345 UALT3,17-JUL-2020 07,30.47
2,UN.ALTA    345 UALTA,17-JUL-2020 07,30.47
2,UN.ALTA    345 UALTB,17-JUL-2020 07,30.47
2,UN.BRIGHTON345 UBGH,17-JUL-2020 07,30.44
2,UN.BRIGHTON345 UBGH2,17-JUL-2020 07,30.44
2,UN.KENT    345 UKEN,17-JUL-2020 07,30.48
2,UN.PARKCITY345 UPRK,17-JUL-2020 07,30.48
2,UN.SOLITUDE345 USOL,17-JUL-2020 07,30.3
2,UN.SUNDANCE345 USUN,17-JUL-2020 07,30.41
2,UN.VICTORIA345 UVIC,17-JUL-2020 07,30.48
2,.I.KENT    345 2,17-JUL-2020 08,30.53
2,.I.PARKCITY345 1,17-JUL-2020 08,30.53
2,.I.VICTORIA345 1,17-JUL-2020 08,30.53
2,.Z.NORTH,17-JUL-2020 08,30.41
2,.Z.SOUTH,17-JUL-2020 08,30.51
2,AR.BRIGHTON345 UBGH2P,17-JUL-2020 08,30.49
2,AR.BRIGHTON345 UBGHP,17-JUL-2020 08,30.49
2,AR.SUNDANCE345 FAIRC,17-JUL-2020 08,30.46
2,DR.NORTH,17-JUL-2020 08,30.41
2,DR.SOUTH_EAST,17-JUL-2020 08,30.53
2,LD.KENT    230 KNT2,17-JUL-2020 08,30.53
2,LD.KENT    345 KNT1,17-JUL-2020 08,30.53
2,LD.MIDWAY  345,17-JUL-2020 08,30.49
2,LD.MIDWAY  345 MID1,17-JUL-2020 08,30.49
2,LD.MIDWAY  345 MID2,17-JUL-2020 08,30.49
2,LD.PARKCITY345 LPRK,17-JUL-2020 08,30.53
2,LD.SOLITUDE230 LSOL,17-JUL-2020 08,30.37
2,LD.SUNDANCE345 LSUN,17-JUL-2020 08,30.46
2,LD.VICTORIA345 LVIC,17-JUL-2020 08,30.53
2,UN.ALTA    345 PRIV,17-JUL-2020 08,30.52
2,UN.ALTA    345 UALT,17-JUL-2020 08,30.52
2,UN.ALTA    345 UALT2,17-JUL-2020 08,30.52
2,UN.ALTA    345 UALT3,17-JUL-2020 08,30.52
2,UN.ALTA    345 UALTA,17-JUL-2020 08,30.52
2,UN.ALTA    345 UALTB,17-JUL-2020 08,30.52
2,UN.BRIGHTON345 UBGH,17-JUL-2020 08,30.49
2,UN.BRIGHTON345 UBGH2,17-JUL-2020 08,30.49
2,UN.KENT    345 UKEN,17-JUL-2020 08,30.53
2,UN.PARKCITY345 UPRK,17-JUL-2020 08,30.53
2,UN.SOLITUDE345 USOL,17-JUL-2020 08,30.35
2,UN.SUNDANCE345 USUN,17-JUL-2020 08,30.46
2,UN.VICTORIA345 UVIC,17-JUL-2020 08,30.53
2,.I.KENT    345 2,17-JUL-2020 09,30.58
2,.I.PARKCITY345 1,17-JUL-2020 09,30.58
2,.I.VICTORIA345 1,17-JUL-2020 09,30.58
2,.Z.NORTH,17-JUL-2020 09,30.46
2,.Z.SOUTH,17-JUL-2020 09,30.56
2,AR.BRIGHTON345 UBGH2P,17-JUL-2020 09,30.54
2,AR.BRIGHTON345 UBGHP,17-JUL-2020 09,30.54
2,AR.SUNDANCE345 FAIRC,17-JUL-2020 09,30.51
2,DR.NORTH,17-JUL-2020 09,30.46
2,DR.SOUTH_EAST,17-JUL-2020 09,30.58
2,LD.KENT    230 KNT2,17-JUL-2020 09,30.58
2,LD.KENT    345 KNT1,17-JUL-2020 09,30.58
2,LD.MIDWAY  345,17-JUL-2020 09,30.54
2,LD.MIDWAY  345 MID1,17-JUL-2020 09,30.54
2,LD.MIDWAY  345 MID2,17-JUL-2020 09,30.54
2,LD.PARKCITY345 LPRK,17-JUL-2020 09,30.58
2,LD.SOLITUDE230 LSOL,17-JUL-2020 09,30.42
2,LD.SUNDANCE345 LSUN,17-JUL-2020 09,30.51
2,LD.VICTORIA345 LVIC,17-JUL-2020 09,30.58
2,UN.ALTA    345 PRIV,17-JUL-2020 09,30.57
2,UN.ALTA    345 UALT,17-JUL-2020 09,30.57
2,UN.ALTA    345 UALT2,17-JUL-2020 09,30.57
2,UN.ALTA    345 UALT3,17-JUL-2020 09,30.57
2,UN.ALTA    345 UALTA,17-JUL-2020 09,30.57
2,UN.ALTA    345 UALTB,17-JUL-2020 09,30.57
2,UN.BRIGHTON345 UBGH,17-JUL-2020 09,30.54
2,UN.BRIGHTON345 UBGH2,17-JUL-2020 09,30.54
2,UN.KENT    345 UKEN,17-JUL-2020 09,30.58
2,UN.PARKCITY345 UPRK,17-JUL-2020 09,30.58
2,UN.SOLITUDE345 USOL,17-JUL-2020 09,30.4
2,UN.SUNDANCE345 USUN,17-JUL-2020 09,30.51
2,UN.VICTORIA345 UVIC,17-JUL-2020 09,30.58
2,.I.KENT    345 2,17-JUL-2020 10,30.63
2,.I.PARKCITY345 1,17-JUL-2020 10,30.63
2,.I.VICTORIA345 1,17-JUL-2020 10,30.63
2,.Z.NORTH,17-JUL-2020 10,30.51
2,.Z.SOUTH,17-JUL-2020 10,30.61
2,AR.BRIGHTON345 UBGH2P,17-JUL-2020 10,30.59
2,AR.BRIGHTON345 UBGHP,17-JUL-2020 10,30.59
2,AR.SUNDANCE345 FAIRC,17-JUL-2020 10,30.56
2,DR.NORTH,17-JUL-2020 10,30.51
2,DR.SOUTH_EAST,17-JUL-2020 10,30.63
2,LD.KENT    230 KNT2,17-JUL-2020 10,30.63
2,LD.KENT    345 KNT1,17-JUL-2020 10,30.63
2,LD.MIDWAY  345,17-JUL-2020 10,30.59
2,LD.MIDWAY  345 MID1,17-JUL-2020 10,30.59
2,LD.MIDWAY  345 MID2,17-JUL-2020 10,30.59
2,LD.PARKCITY345 LPRK,17-JUL-2020 10,30.63
2,LD.SOLITUDE230 LSOL,17-JUL-2020 10,30.47
2,LD.SUNDANCE345 LSUN,17-JUL-2020 10,30.56
2,LD.VICTORIA345 LVIC,17-JUL-2020 10,30.63
2,UN.ALTA    345 PRIV,17-JUL-2020 10,30.62
2,UN.ALTA    345 UALT,17-JUL-2020 10,30.62
2,UN.ALTA    345 UALT2,17-JUL-2020 10,30.62
2,UN.ALTA    345 UALT3,17-JUL-2020 10,30.62
2,UN.ALTA    345 UALTA,17-JUL-2020 10,30.62
2,UN.ALTA    345 UALTB,17-JUL-2020 10,30.62
2,UN.BRIGHTON345 UBGH,17-JUL-2020 10,30.59
2,UN.BRIGHTON345 UBGH2,17-JUL-2020 10,30.59
2,UN.KENT    345 UKEN,17-JUL-2020 10,30.63
2,UN.PARKCITY345 UPRK,17-JUL-2020 10,30.63
2,UN.SOLITUDE345 USOL,17-JUL-2020 10,30.45
2,UN.SUNDANCE345 USUN,17-JUL-2020 10,30.56
2,UN.VICTORIA345 UVIC,17-JUL-2020 10,30.63
2,.I.KENT    345 2,17-JUL-2020 11,30.68
2,.I.PARKCITY345 1,17-JUL-2020 11,30.68
2,.I.VICTORIA345 1,17-JUL-2020 11,30.68
2,.Z.NORTH,17-JUL-2020 11,30.56
2,.Z.SOUTH,17-JUL-2020 11,30.66
2,AR.BRIGHTON345 UBGH2P,17-JUL-2020 11,30.64
2,AR.BRIGHTON345 UBGHP,17-JUL-2020 11,30.64
2,AR.SUNDANCE345 FAIRC,17-JUL-2020 11,30.61
2,DR.NORTH,17-JUL-2020 11,30.56
2,DR.SOUTH_EAST,17-JUL-2020 11,30.68
2,LD.KENT    230 KNT2,17-JUL-2020 11,30.68
2,LD.KENT    345 KNT1,17-JUL-2020 11,30.68
2,LD.MIDWAY  345,17-JUL-2020 11,30.64
2,LD.MIDWAY  345 MID1,17-JUL-2020 11,30.64
2,LD.MIDWAY  345 MID2,17-JUL-2020 11,30.64
2,LD.PARKCITY345 LPRK,17-JUL-2020 11,30.68
2,LD.SOLITUDE230 LSOL,17-JUL-2020 11,30.52
2,LD.SUNDANCE345 LSUN,17-JUL-2020 11,30.61
2,LD.VICTORIA345 LVIC,17-JUL-2020 11,30.68
2,UN.ALTA    345 PRIV,17-JUL-2020 11,30.67
2,UN.ALTA    345 UALT,17-JUL-2020 11,30.67
2,UN.ALTA    345 UALT2,17-JUL-2020 11,30.67
2,UN.ALTA    345 UALT3,17-JUL-2020 11,30.67
2,UN.ALTA    345 UALTA,17-JUL-2020 11,30.67
2,UN.ALTA    345 UALTB,17-JUL-2020 11,30.67
2,UN.BRIGHTON345 UBGH,17-JUL-2020 11,30.64
2,UN.BRIGHTON345 UBGH2,17-JUL-2020 11,30.64
2,UN.KENT    345 UKEN,17-JUL-2020 11,30.68
2,UN.PARKCITY345 UPRK,17-JUL-2020 11,30.68
2,UN.SOLITUDE345 USOL,17-JUL-2020 11,30.5
2,UN.SUNDANCE345 USUN,17-JUL-2020 11,30.61
2,UN.VICTORIA345 UVIC,17-JUL-2020 11,30.68
2,.I.KENT    345 2,17-JUL-2020 12,30.73
2,.I.PARKCITY345 1,17-JUL-2020 12,30.73
2,.I.VICTORIA345 1,17-JUL-2020 12,30.73
2,.Z.NORTH,17-JUL-2020 12,30.61
2,.Z.SOUTH,17-JUL-2020 12,30.71
2,AR.BRIGHTON345 UBGH2P,17-JUL-2020 12,30.69
2,AR.BRIGHTON345 UBGHP,17-JUL-2020 12,30.69
2,AR.SUNDANCE345 FAIRC,17-JUL-2020 12,30.66
2,DR.NORTH,17-JUL-2020 12,30.61
2,DR.SOUTH_EAST,17-JUL-2020 12,30.73
2,LD.KENT    230 KNT2,17-JUL-2020 12,30.73
2,LD.KENT    345 KNT1,17-JUL-2020 12,30.73
2,LD.MIDWAY  345,17-JUL-2020 12,30.69
2,LD.MIDWAY  345 MID1,17-JUL-2020 12,30.69
2,LD.MIDWAY  345 MID2,17-JUL-2020 12,30.69
2,LD.PARKCITY345 LPRK,17-JUL-2020 12,30.73
2,LD.SOLITUDE230 LSOL,17-JUL-2020 12,30.57
2,LD.SUNDANCE345 LSUN,17-JUL-2020 12,30.66
2,LD.VICTORIA345 LVIC,17-JUL-2020 12,30.73
2,UN.ALTA    345 PRIV,17-JUL-2020 12,30.72
2,UN.ALTA    345 UALT,17-JUL-2020 12,30.72
2,UN.ALTA    345 UALT2,17-JUL-2020 12,30.72
2,UN.ALTA    345 UALT3,17-JUL-2020 12,30.72
2,UN.ALTA    345 UALTA,17-JUL-2020 12,30.72
2,UN.ALTA    345 UALTB,17-JUL-2020 12,30.72
2,UN.BRIGHTON345 UBGH,17-JUL-2020 12,30.69
2,UN.BRIGHTON345 UBGH2,17-JUL-2020 12,30.69
2,UN.KENT    345 UKEN,17-JUL-2020 12,30.73
2,UN.PARKCITY345 UPRK,17-JUL-2020 12,30.73
2,UN.SOLITUDE345 USOL,17-JUL-2020 12,30.55
2,UN.SUNDANCE345 USUN,17-JUL-2020 12,30.66
2,UN.VICTORIA345 UVIC,17-JUL-2020 12,30.73
2,.I.KENT    345 2,17-JUL-2020 13,30.78
2,.I.PARKCITY345 1,17-JUL-2020 13,30.78
2,.I.VICTORIA345 1,17-JUL-2020 13,30.78
2,.Z.NORTH,17-JUL-2020 13,30.66
2,.Z.SOUTH,17-JUL-2020 13,30.76
2,AR.BRIGHTON345 UBGH2P,17-JUL-2020 13,30.74
2,AR.BRIGHTON345 UBGHP,17-JUL-2020 13,30.74
2,AR.SUNDANCE345 FAIRC,17-JUL-2020 13,30.71
2,DR.NORTH,17-JUL-2020 13,30.66
2,DR.SOUTH_EAST,17-JUL-2020 13,30.78
2,LD.KENT    230 KNT2,17-JUL-2020 13,30.78
2,LD.KENT    345 KNT1,17-JUL-2020 13,30.78
2,LD.MIDWAY  345,17-JUL-2020 13,30.74
2,LD.MIDWAY  345 MID1,17-JUL-2020 13,30.74
2,LD.MIDWAY  345 MID2,17-JUL-2020 13,30.74
2,LD.PARKCITY345 LPRK,17-JUL-2020 13,30.78
2,LD.SOLITUDE230 LSOL,17-JUL-2020 13,30.62
2,LD.SUNDANCE345 LSUN,17-JUL-2020 13,30.71
2,LD.VICTORIA345 LVIC,17-JUL-2020 13,30.78
2,UN.ALTA    345 PRIV,17-JUL-2020 13,30.77
2,UN.ALTA    345 UALT,17-JUL-2020 13,30.77
2,UN.ALTA    345 UALT2,17-JUL-2020 13,30.77
2,UN.ALTA    345 UALT3,17-JUL-2020 13,30.77
2,UN.ALTA    345 UALTA,17-JUL-2020 13,30.77
2,UN.ALTA    345 UALTB,17-JUL-2020 13,30.77
2,UN.BRIGHTON345 UBGH,17-JUL-2020 13,30.74
2,UN.BRIGHTON345 UBGH2,17-JUL-2020 13,30.74
2,UN.KENT    345 UKEN,17-JUL-2020 13,30.78
2,UN.PARKCITY345 UPRK,17-JUL-2020 13,30.78
2,UN.SOLITUDE345 USOL,17-JUL-2020 13,30.6
2,UN.SUNDANCE345 USUN,17-JUL-2020 13,30.71
2,UN.VICTORIA345 UVIC,17-JUL-2020 13,30.78
2,.I.KENT    345 2,17-JUL-2020 14,30.83
2,.I.PARKCITY345 1,17-JUL-2020 14,30.83
2,.I.VICTORIA345 1,17-JUL-2020 14,30.83
2,.Z.NORTH,17-JUL-2020 14,30.71
2,.Z.SOUTH,17-JUL-2020 14,30.81
2,AR.BRIGHTON345 UBGH2P,17-JUL-2020 14,30.79
2,AR.BRIGHTON345 UBGHP,17-JUL-2020 14,30.79
2,AR.SUNDANCE345 FAIRC,17-JUL-2020 14,30.76
2,DR.NORTH,17-JUL-2020 14,30.71
2,DR.SOUTH_EAST,17-JUL-2020 14,30.83
2,LD.KENT    230 KNT2,17-JUL-2020 14,30.83
2,LD.KENT    345 KNT1,17-JUL-2020 14,30.83
2,LD.MIDWAY  345,17-JUL-2020 14,30.79
2,LD.MIDWAY  345 MID1,17-JUL-2020 14,30.79
2,LD.MIDWAY  345 MID2,17-JUL-2020 14,30.79
2,LD.PARKCITY345 LPRK,17-JUL-2020 14,30.83
2,LD.SOLITUDE230 LSOL,17-JUL-2020 14,30.67
2,LD.SUNDANCE345 LSUN,17-JUL-2020 14,30.76
2,LD.VICTORIA345 LVIC,17-JUL-2020 14,30.83
2,UN.ALTA    345 PRIV,17-JUL-2020 14,30.82
2,UN.ALTA    345 UALT,17-JUL-2020 14,30.82
2,UN.ALTA    345 UALT2,17-JUL-2020 14,30.82
2,UN.ALTA    345 UALT3,17-JUL-2020 14,30.82
2,UN.ALTA    345 UALTA,17-JUL-2020 14,30.82
2,UN.ALTA    345 UALTB,17-JUL-2020 14,30.82
2,UN.BRIGHTON345 UBGH,17-JUL-2020 14,30.79
2,UN.BRIGHTON345 UBGH2,17-JUL-2020 14,30.79
2,UN.KENT    345 UKEN,17-JUL-2020 14,30.83
2,UN.PARKCITY345 UPRK,17-JUL-2020 14,30.83
2,UN.SOLITUDE345 USOL,17-JUL-2020 14,30.65
2,UN.SUNDANCE345 USUN,17-JUL-2020 14,30.76
2,UN.VICTORIA345 UVIC,17-JUL-2020 14,30.83
2,.I.KENT    345 2,17-JUL-2020 15,30.88
2,.I.PARKCITY345 1,17-JUL-2020 15,30.88
2,.I.VICTORIA345 1,17-JUL-2020 15,30.88
2,.Z.NORTH,17-JUL-2020 15,30.76
2,.Z.SOUTH,17-JUL-2020 15,30.86
2,AR.BRIGHTON345 UBGH2P,17-JUL-2020 15,30.84
2,AR.BRIGHTON345 UBGHP,17-JUL-2020 15,30.84
2,AR.SUNDANCE345 FAIRC,17-JUL-2020 15,30.81
2,DR.NORTH,17-JUL-2020 15,30.76
2,DR.SOUTH_EAST,17-JUL-2020 15,30.88
2,LD.KENT    230 KNT2,17-JUL-2020 15,30.88
2,LD.KENT    345 KNT1,17-JUL-2020 15,30.88
2,LD.MIDWAY  345,17-JUL-2020 15,30.84
2,LD.MIDWAY  345 MID1,17-JUL-2020 15,30.84
2,LD.MIDWAY  345 MID2,17-JUL-2020 15,30.84
2,LD.PARKCITY345 LPRK,17-JUL-2020 15,30.88
2,LD.SOLITUDE230 LSOL,17-JUL-2020 15,30.72
2,LD.SUNDANCE345 LSUN,17-JUL-2020 15,30.81
2,LD.VICTORIA345 LVIC,17-JUL-2020 15,30.88
2,UN.ALTA    345 PRIV,17-JUL-2020 15,30.87
2,UN.ALTA    345 UALT,17-JUL-2020 15,30.87
2,UN.ALTA    345 UALT2,17-JUL-2020 15,30.87
2,UN.ALTA    345 UALT3,17-JUL-2020 15,30.87
2,UN.ALTA    345 UALTA,17-JUL-2020 15,30.87
2,UN.ALTA    345 UALTB,17-JUL-2020 15,30.87
2,UN.BRIGHTON345 UBGH,17-JUL-2020 15,30.84
2,UN.BRIGHTON345 UBGH2,17-JUL-2020 15,30.84
2,UN.KENT    345 UKEN,17-JUL-2020 15,30.88
2,UN.PARKCITY345 UPRK,17-JUL-2020 15,30.88
2,UN.SOLITUDE345 USOL,17-JUL-2020 15,30.7
2,UN.SUNDANCE345 USUN,17-JUL-2020 15,30.81
2,UN.VICTORIA345 UVIC,17-JUL-2020 15,30.88
2,.I.KENT    345 2,17-JUL-2020 16,30.93
2,.I.PARKCITY345 1,17-JUL-2020 16,30.93
2,.I.VICTORIA345 1,17-JUL-2020 16,30.93
2,.Z.NORTH,17-JUL-2020 16,30.81
2,.Z.SOUTH,17-JUL-2020 16,30.91
2,AR.BRIGHTON345 UBGH2P,17-JUL-2020 16,30.89
2,AR.BRIGHTON345 UBGHP,17-JUL-2020 16,30.89
2,AR.SUNDANCE345 FAIRC,17-JUL-2020 16,30.86
2,DR.NORTH,17-JUL-2020 16,30.81
2,DR.SOUTH_EAST,17-JUL-2020 16,30.93
2,LD.KENT    230 KNT2,17-JUL-2020 16,30.93
2,LD.KENT    345 KNT1,17-JUL-2020 16,30.93
2,LD.MIDWAY  345,17-JUL-2020 16,30.89
2,LD.MIDWAY  345 MID1,17-JUL-2020 16,30.89
2,LD.MIDWAY  345 MID2,17-JUL-2020 16,30.89
2,LD.PARKCITY345 LPRK,17-JUL-2020 16,30.93
2,LD.SOLITUDE230 LSOL,17-JUL-2020 16,30.77
2,LD.SUNDANCE345 LSUN,17-JUL-2020 16,30.86
2,LD.VICTORIA345 LVIC,17-JUL-2020 16,30.93
2,UN.ALTA    345 PRIV,17-JUL-2020 16,30.92
2,UN.ALTA    345 UALT,17-JUL-2020 16,30.92
2,UN.ALTA    345 UALT2,17-JUL-2020 16,30.92
2,UN.ALTA    345 UALT3,17-JUL-2020 16,30.92
2,UN.ALTA    345 UALTA,17-JUL-2020 16,30.92
2,UN.ALTA    345 UALTB,17-JUL-2020 16,30.92
2,UN.BRIGHTON345 UBGH,17-JUL-2020 16,30.89
2,UN.BRIGHTON345 UBGH2,17-JUL-2020 16,30.89
2,UN.KENT    345 UKEN,17-JUL-2020 16,30.93
2,UN.PARKCITY345 UPRK,17-JUL-2020 16,30.93
2,UN.SOLITUDE345 USOL,17-JUL-2020 16,30.75
2,UN.SUNDANCE345 USUN,17-JUL-2020 16,30.86
2,UN.VICTORIA345 UVIC,17-JUL-2020 16,30.93
2,.I.KENT    345 2,17-JUL-2020 17,30.98
2,.I.PARKCITY345 1,17-JUL-2020 17,30.98
2,.I.VICTORIA345 1,17-JUL-2020 17,30.98
2,.Z.NORTH,17-JUL-2020 17,30.86
2,.Z.SOUTH,17-JUL-2020 17,30.96
2,AR.BRIGHTON345 UBGH2P,17-JUL-2020 17,30.94
2,AR.BRIGHTON345 UBGHP,17-JUL-2020 17,30.94
2,AR.SUNDANCE345 FAIRC,17-JUL-2020 17,30.91
2,DR.NORTH,17-JUL-2020 17,30.86
2,DR.SOUTH_EAST,17-JUL-2020 17,30.98
2,LD.KENT    230 KNT2,17-JUL-2020 17,30.98
2,LD.KENT    345 KNT1,17-JUL-2020 17,30.98
2,LD.MIDWAY  345,17-JUL-2020 17,30.94
2,LD.MIDWAY  345 MID1,17-JUL-2020 17,30.94
2,LD.MIDWAY  345 MID2,17-JUL-2020 17,30.94
2,LD.PARKCITY345 LPRK,17-JUL-2020 17,30.98
2,LD.SOLITUDE230 LSOL,17-JUL-2020 17,30.82
2,LD.SUNDANCE345 LSUN,17-JUL-2020 17,30.91
2,LD.VICTORIA345 LVIC,17-JUL-2020 17,30.98
2,UN.ALTA    345 PRIV,17-JUL-2020 17,30.97
2,UN.ALTA    345 UALT,17-JUL-2020 17,30.97
2,UN.ALTA    345 UALT2,17-JUL-2020 17,30.97
2,UN.ALTA    345 UALT3,17-JUL-2020 17,30.97
2,UN.ALTA    345 UALTA,17-JUL-2020 17,30.97
2,UN.ALTA    345 UALTB,17-JUL-2020 17,30.97
2,UN.BRIGHTON345 UBGH,17-JUL-2020 17,30.94
2,UN.BRIGHTON345 UBGH2,17-JUL-2020 17,30.94
2,UN.KENT    345 UKEN,17-JUL-2020 17,30.98
2,UN.PARKCITY345 UPRK,17-JUL-2020 17,30.98
2,UN.SOLITUDE345 USOL,17-JUL-2020 17,30.8
2,UN.SUNDANCE345 USUN,17-JUL-2020 17,30.91
2,UN.VICTORIA345 UVIC,17-JUL-2020 17,30.98
2,.I.KENT    345 2,17-JUL-2020 18,31.03
2,.I.PARKCITY345 1,17-JUL-2020 18,31.03
2,.I.VICTORIA345 1,17-JUL-2020 18,31.03
2,.Z.NORTH,17-JUL-2020 18,30.91
2,.Z.SOUTH,17-JUL-2020 18,31.01
2,AR.BRIGHTON345 UBGH2P,17-JUL-2020 18,30.99
2,AR.BRIGHTON345 UBGHP,17-JUL-2020 18,30.99
2,AR.SUNDANCE345 FAIRC,17-JUL-2020 18,30.96
2,DR.NORTH,17-JUL-2020 18,30.91
2,DR.SOUTH_EAST,17-JUL-2020 18,31.03
2,LD.KENT    230 KNT2,17-JUL-2020 18,31.03
2,LD.KENT    345 KNT1,17-JUL-2020 18,31.03
2,LD.MIDWAY  345,17-JUL-2020 18,30.99
2,LD.MIDWAY  345 MID1,17-JUL-2020 18,30.99
2,LD.MIDWAY  345 MID2,17-JUL-2020 18,30.99
2,LD.PARKCITY345 LPRK,17-JUL-2020 18,31.03
2,LD.SOLITUDE230 LSOL,17-JUL-2020 18,30.87
2,LD.SUNDANCE345 LSUN,17-JUL-2020 18,30.96
2,LD.VICTORIA345 LVIC,17-JUL-2020 18,31.03
2,UN.ALTA    345 PRIV,17-JUL-2020 18,31.02
2,UN.ALTA    345 UALT,17-JUL-2020 18,31.02
2,UN.ALTA    345 UALT2,17-JUL-2020 18,31.02
2,UN.ALTA    345 UALT3,17-JUL-2020 18,31.02
2,UN.ALTA    345 UALTA,17-JUL-2020 18,31.02
2,UN.ALTA    345 UALTB,17-JUL-2020 18,31.02
2,UN.BRIGHTON345 UBGH,17-JUL-2020 18,30.99
2,UN.BRIGHTON345 UBGH2,17-JUL-2020 18,30.99
2,UN.KENT    345 UKEN,17-JUL-2020 18,31.03
2,UN.PARKCITY345 UPRK,17-JUL-2020 18,31.03
2,UN.SOLITUDE345 USOL,17-JUL-2020 18,30.85
2,UN.SUNDANCE345 USUN,17-JUL-2020 18,30.96
2,UN.VICTORIA345 UVIC,17-JUL-2020 18,31.03
2,.I.KENT    345 2,17-JUL-2020 19,31.08
2,.I.PARKCITY345 1,17-JUL-2020 19,31.08
2,.I.VICTORIA345 1,17-JUL-2020 19,31.08
2,.Z.NORTH,17-JUL-2020 19,30.96
2,.Z.SOUTH,17-JUL-2020 19,31.06
2,AR.BRIGHTON345 UBGH2P,17-JUL-2020 19,31.04
2,AR.BRIGHTON345 UBGHP,17-JUL-2020 19,31.04
2,AR.SUNDANCE345 FAIRC,17-JUL-2020 19,31.01
2,DR.NORTH,17-JUL-2020 19,30.96
2,DR.SOUTH_EAST,17-JUL-2020 19,31.08
2,LD.KENT    230 KNT2,17-JUL-2020 19,31.08
2,LD.KENT    345 KNT1,17-JUL-2020 19,31.08
2,LD.MIDWAY  345,17-JUL-2020 19,31.04
2,LD.MIDWAY  345 MID1,17-JUL-2020 19,31.04
2,LD.MIDWAY  345 MID2,17-JUL-2020 19,31.04
2,LD.PARKCITY345 LPRK,17-JUL-2020 19,31.08
2,LD.SOLITUDE230 LSOL,17-JUL-2020 19,32.91
2,LD.SUNDANCE345 LSUN,17-JUL-2020 19,31.01
2,LD.VICTORIA345 LVIC,17-JUL-2020 19,31.08
2,UN.ALTA    345 PRIV,17-JUL-2020 19,31.07
2,UN.ALTA    345 UALT,17-JUL-2020 19,31.07
2,UN.ALTA    345 UALT2,17-JUL-2020 19,31.07
2,UN.ALTA    345 UALT3,17-JUL-2020 19,31.07
2,UN.ALTA    345 UALTA,17-JUL-2020 19,31.07
2,UN.ALTA    345 UALTB,17-JUL-2020 19,31.07
2,UN.BRIGHTON345 UBGH,17-JUL-2020 19,31.04
2,UN.BRIGHTON345 UBGH2,17-JUL-2020 19,31.04
2,UN.KENT    345 UKEN,17-JUL-2020 19,31.08
2,UN.PARKCITY345 UPRK,17-JUL-2020 19,31.08
2,UN.SOLITUDE345 USOL,17-JUL-2020 19,30.9
2,UN.SUNDANCE345 USUN,17-JUL-2020 19,31.01
2,UN.VICTORIA345 UVIC,17-JUL-2020 19,31.08
2,.I.KENT    345 2,17-JUL-2020 20,31.13
2,.I.PARKCITY345 1,17-JUL-2020 20,31.13
2,.I.VICTORIA345 1,17-JUL-2020 20,31.13
2,.Z.NORTH,17-JUL-2020 20,31.01
2,.Z.SOUTH,17-JUL-2020 20,31.11
2,AR.BRIGHTON345 UBGH2P,17-JUL-2020 20,31.09
2,AR.BRIGHTON345 UBGHP,17-JUL-2020 20,31.09
2,AR.SUNDANCE345 FAIRC,17-JUL-2020 20,31.06
2,DR.NORTH,17-JUL-2020 20,31.01
2,DR.SOUTH_EAST,17-JUL-2020 20,31.13
2,LD.KENT    230 KNT2,17-JUL-2020 20,31.13
2,LD.KENT    345 KNT1,17-JUL-2020 20,31.13
2,LD.MIDWAY  345,17-JUL-2020 20,31.09
2,LD.MIDWAY  345 MID1,17-JUL-2020 20,31.09
2,LD.MIDWAY  345 MID2,17-JUL-2020 20,31.09
2,LD.PARKCITY345 LPRK,17-JUL-2020 20,31.13
2,LD.SOLITUDE230 LSOL,17-JUL-2020 20,30.97
2,LD.SUNDANCE345 LSUN,17-JUL-2020 20,31.06
2,LD.VICTORIA345 LVIC,17-JUL-2020 20,31.13
2,UN.ALTA    345 PRIV,17-JUL-2020 20,31.12
2,UN.ALTA    345 UALT,17-JUL-2020 20,31.12
2,UN.ALTA    345 UALT2,17-JUL-2020 20,31.12
2,UN.ALTA    345 UALT3,17-JUL-2020 20,31.12
2,UN.ALTA    345 UALTA,17-JUL-2020 20,31.12
2,UN.ALTA    345 UALTB,17-JUL-2020 20,31.12
2,UN.BRIGHTON345 UBGH,17-JUL-2020 20,31.09
2,UN.BRIGHTON345 UBGH2,17-JUL-2020 20,31.09
2,UN.KENT    345 UKEN,17-JUL-2020 20,31.13
2,UN.PARKCITY345 UPRK,17-JUL-2020 20,31.13
2,UN.SOLITUDE345 USOL,17-JUL-2020 20,30.95
2,UN.SUNDANCE345 USUN,17-JUL-2020 20,31.06
2,UN.VICTORIA345 UVIC,17-JUL-2020 20,31.13
2,.I.KENT    345 2,17-JUL-2020 21,31.18
2,.I.PARKCITY345 1,17-JUL-2020 21,31.18
2,.I.VICTORIA345 1,17-JUL-2020 21,31.18
2,.Z.NORTH,17-JUL-2020 21,31.06
2,.Z.SOUTH,17-JUL-2020 21,31.16
2,AR.BRIGHTON345 UBGH2P,17-JUL-2020 21,31.14
2,AR.BRIGHTON345 UBGHP,17-JUL-2020 21,31.14
2,AR.SUNDANCE345 FAIRC,17-JUL-2020 21,31.11
2,DR.NORTH,17-JUL-2020 21,31.06
2,DR.SOUTH_EAST,17-JUL-2020 21,31.18
2,LD.KENT    230 KNT2,17-JUL-2020 21,31.18
2,LD.KENT    345 KNT1,17-JUL-2020 21,31.18
2,LD.MIDWAY  345,17-JUL-2020 21,31.14
2,LD.MIDWAY  345 MID1,17-JUL-2020 21,31.14
2,LD.MIDWAY  345 MID2,17-JUL-2020 21,31.14
2,LD.PARKCITY345 LPRK,17-JUL-2020 21,31.18
2,LD.SOLITUDE230 LSOL,17-JUL-2020 21,31.02
2,LD.SUNDANCE345 LSUN,17-JUL-2020 21,31.11
2,LD.VICTORIA345 LVIC,17-JUL-2020 21,31.18
2,UN.ALTA    345 PRIV,17-JUL-2020 21,31.17
2,UN.ALTA    345 UALT,17-JUL-2020 21,31.17
2,UN.ALTA    345 UALT2,17-JUL-2020 21,31.17
2,UN.ALTA    345 UALT3,17-JUL-2020 21,31.17
2,UN.ALTA    345 UALTA,17-JUL-2020 21,31.17
2,UN.ALTA    345 UALTB,17-JUL-2020 21,31.17
2,UN.BRIGHTON345 UBGH,17-JUL-2020 21,31.14
2,UN.BRIGHTON345 UBGH2,17-JUL-2020 21,31.14
2,UN.KENT    345 UKEN,17-JUL-2020 21,31.18
2,UN.PARKCITY345 UPRK,17-JUL-2020 21,31.18
2,UN.SOLITUDE345 USOL,17-JUL-2020 21,31
2,UN.SUNDANCE345 USUN,17-JUL-2020 21,31.11
2,UN.VICTORIA345 UVIC,17-JUL-2020 21,31.18
2,.I.KENT    345 2,17-JUL-2020 22,31.23
2,.I.PARKCITY345 1,17-JUL-2020 22,31.23
2,.I.VICTORIA345 1,17-JUL-2020 22,31.23
2,.Z.NORTH,17-JUL-2020 22,31.11
2,.Z.SOUTH,17-JUL-2020 22,31.21
2,AR.BRIGHTON345 UBGH2P,17-JUL-2020 22,31.19
2,AR.BRIGHTON345 UBGHP,17-JUL-2020 22,31.19
2,AR.SUNDANCE345 FAIRC,17-JUL-2020 22,31.16
2,DR.NORTH,17-JUL-2020 22,31.11
2,DR.SOUTH_EAST,17-JUL-2020 22,31.23
2,LD.KENT    230 KNT2,17-JUL-2020 22,31.23
2,LD.KENT    345 KNT1,17-JUL-2020 22,31.23
2,LD.MIDWAY  345,17-JUL-2020 22,31.19
2,LD.MIDWAY  345 MID1,17-JUL-2020 22,31.19
2,LD.MIDWAY  345 MID2,17-JUL-2020 22,31.19
2,LD.PARKCITY345 LPRK,17-JUL-2020 22,31.23
2,LD.SOLITUDE230 LSOL,17-JUL-2020 22,31.07
2,LD.SUNDANCE345 LSUN,17-JUL-2020 22,31.16
2,LD.VICTORIA345 LVIC,17-JUL-2020 22,31.23
2,UN.ALTA    345 PRIV,17-JUL-2020 22,31.22
2,UN.ALTA    345 UALT,17-JUL-2020 22,31.22
2,UN.ALTA    345 UALT2,17-JUL-2020 22,31.22
2,UN.ALTA    345 UALT3,17-JUL-2020 22,31.22
2,UN.ALTA    345 UALTA,17-JUL-2020 22,31.22
2,UN.ALTA    345 UALTB,17-JUL-2020 22,31.22
2,UN.BRIGHTON345 UBGH,17-JUL-2020 22,31.19
2,UN.BRIGHTON345 UBGH2,17-JUL-2020 22,31.19
2,UN.KENT    345 UKEN,17-JUL-2020 22,31.23
2,UN.PARKCITY345 UPRK,17-JUL-2020 22,31.23
2,UN.SOLITUDE345 USOL,17-JUL-2020 22,31.05
2,UN.SUNDANCE345 USUN,17-JUL-2020 22,31.16
2,UN.VICTORIA345 UVIC,17-JUL-2020 22,31.23
2,.I.KENT    345 2,17-JUL-2020 23,31.28
2,.I.PARKCITY345 1,17-JUL-2020 23,31.28
2,.I.VICTORIA345 1,17-JUL-2020 23,31.28
2,.Z.NORTH,17-JUL-2020 23,31.16
2,.Z.SOUTH,17-JUL-2020 23,31.26
2,AR.BRIGHTON345 UBGH2P,17-JUL-2020 23,31.24
2,AR.BRIGHTON345 UBGHP,17-JUL-2020 23,31.24
2,AR.SUNDANCE345 FAIRC,17-JUL-2020 23,31.21
2,DR.NORTH,17-JUL-2020 23,31.16
2,DR.SOUTH_EAST,17-JUL-2020 23,31.28
2,LD.KENT    230 KNT2,17-JUL-2020 23,31.28
2,LD.KENT    345 KNT1,17-JUL-2020 23,31.28
2,LD.MIDWAY  345,17-JUL-2020 23,31.24
2,LD.MIDWAY  345 MID1,17-JUL-2020 23,31.24
2,LD.MIDWAY  345 MID2,17-JUL-2020 23,31.24
2,LD.PARKCITY345 LPRK,17-JUL-2020 23,31.28
2,LD.SOLITUDE230 LSOL,17-JUL-2020 23,31.12
2,LD.SUNDANCE345 LSUN,17-JUL-2020 23,31.21
2,LD.VICTORIA345 LVIC,17-JUL-2020 23,31.28
2,UN.ALTA    345 PRIV,17-JUL-2020 23,31.27
2,UN.ALTA    345 UALT,17-JUL-2020 23,31.27
2,UN.ALTA    345 UALT2,17-JUL-2020 23,31.27
2,UN.ALTA    345 UALT3,17-JUL-2020 23,31.27
2,UN.ALTA    345 UALTA,17-JUL-2020 23,31.27
2,UN.ALTA    345 UALTB,17-JUL-2020 23,31.27
2,UN.BRIGHTON345 UBGH,17-JUL-2020 23,31.24
2,UN.BRIGHTON345 UBGH2,17-JUL-2020 23,31.24
2,UN.KENT    345 UKEN,17-JUL-2020 23,31.28
2,UN.PARKCITY345 UPRK,17-JUL-2020 23,31.28
2,UN.SOLITUDE345 USOL,17-JUL-2020 23,31.1
2,UN.SUNDANCE345 USUN,17-JUL-2020 23,31.21
2,UN.VICTORIA345 UVIC,17-JUL-2020 23,31.28
2,.I.KENT    345 2,17-JUL-2020 24,31.33
2,.I.PARKCITY345 1,17-JUL-2020 24,31.33
2,.I.VICTORIA345 1,17-JUL-2020 24,31.33
2,.Z.NORTH,17-JUL-2020 24,31.21
2,.Z.SOUTH,17-JUL-2020 24,31.31
2,AR.BRIGHTON345 UBGH2P,17-JUL-2020 24,31.29
2,AR.BRIGHTON345 UBGHP,17-JUL-2020 24,31.29
2,AR.SUNDANCE345 FAIRC,17-JUL-2020 24,31.26
2,DR.NORTH,17-JUL-2020 24,31.21
2,DR.SOUTH_EAST,17-JUL-2020 24,31.33
2,LD.KENT    230 KNT2,17-JUL-2020 24,31.33
2,LD.KENT    345 KNT1,17-JUL-2020 24,31.33
2,LD.MIDWAY  345,17-JUL-2020 24,31.29
2,LD.MIDWAY  345 MID1,17-JUL-2020 24,31.29
2,LD.MIDWAY  345 MID2,17-JUL-2020 24,31.29
2,LD.PARKCITY345 LPRK,17-JUL-2020 24,31.33
2,LD.SOLITUDE230 LSOL,17-JUL-2020 24,31.17
2,LD.SUNDANCE345 LSUN,17-JUL-2020 24,31.26
2,LD.VICTORIA345 LVIC,17-JUL-2020 24,31.33
2,UN.ALTA    345 PRIV,17-JUL-2020 24,31.32
2,UN.ALTA    345 UALT,17-JUL-2020 24,31.32
2,UN.ALTA    345 UALT2,17-JUL-2020 24,31.32
2,UN.ALTA    345 UALT3,17-JUL-2020 24,31.32
2,UN.ALTA    345 UALTA,17-JUL-2020 24,31.32
2,UN.ALTA    345 UALTB,17-JUL-2020 24,31.32
2,UN.BRIGHTON345 UBGH,17-JUL-2020 24,31.29
2,UN.BRIGHTON345 UBGH2,17-JUL-2020 24,31.29
2,UN.KENT    345 UKEN,17-JUL-2020 24,31.33
2,UN.PARKCITY345 UPRK,17-JUL-2020 24,31.33
2,UN.SOLITUDE345 USOL,17-JUL-2020 24,31.15
2,UN.SUNDANCE345 USUN,17-JUL-2020 24,31.26
2,UN.VICTORIA345 UVIC,17-JUL-2020 24,31.33
3,.I.KENT    345 2,17-JUL-2020 01,30.18
3,.I.PARKCITY345 1,17-JUL-2020 01,30.18
3,.I.VICTORIA345 1,17-JUL-2020 01,30.18
3,.Z.NORTH,17-JUL-2020 01,30.06
3,.Z.SOUTH,17-JUL-2020 01,30.16
3,AR.BRIGHTON345 UBGH2P,17-JUL-2020 01,30.14
3,AR.BRIGHTON345 UBGHP,17-JUL-2020 01,30.14
3,AR.SUNDANCE345 FAIRC,17-JUL-2020 01,30.11
3,DR.NORTH,17-JUL-2020 01,30.06
3,DR.SOUTH_EAST,17-JUL-2020 01,30.18
3,LD.KENT    230 KNT2,17-JUL-2020 01,30.18
3,LD.KENT    345 KNT1,17-JUL-2020 01,30.18
3,LD.MIDWAY  345,17-JUL-2020 01,30.14
3,LD.MIDWAY  345 MID1,17-JUL-2020 01,30.14
3,LD.MIDWAY  345 MID2,17-JUL-2020 01,30.14
3,LD.PARKCITY345 LPRK,17-JUL-2020 01,30.18
3,LD.SOLITUDE230 LSOL,17-JUL-2020 01,30.02
3,LD.SUNDANCE345 LSUN,17-JUL-2020 01,30.11
3,LD.VICTORIA345 LVIC,17-JUL-2020 01,30.18
3,UN.ALTA    345 PRIV,17-JUL-2020 01,30.17
3,UN.ALTA    345 UALT,17-JUL-2020 01,30.17
3,UN.ALTA    345 UALT2,17-JUL-2020 01,30.17
3,UN.ALTA    345 UALT3,17-JUL-2020 01,30.17
3,UN.ALTA    345 UALTA,17-JUL-2020 01,30.17
3,UN.ALTA    345 UALTB,17-JUL-2020 01,30.17
3,UN.BRIGHTON345 UBGH,17-JUL-2020 01,30.14
3,UN.BRIGHTON345 UBGH2,17-JUL-2020 01,30.14
3,UN.KENT    345 UKEN,17-JUL-2020 01,30.18
3,UN.PARKCITY345 UPRK,17-JUL-2020 01,30.18
3,UN.SOLITUDE345 USOL,17-JUL-2020 01,30
3,UN.SUNDANCE345 USUN,17-JUL-2020 01,30.11
3,UN.VICTORIA345 UVIC,17-JUL-2020 01,30.18
3,.I.KENT    345 2,17-JUL-2020 02,30.13
3,.I.PARKCITY345 1,17-JUL-2020 02,30.13
3,.I.VICTORIA345 1,17-JUL-2020 02,30.13
3,.Z.NORTH,17-JUL-2020 02,30.01
3,.Z.SOUTH,17-JUL-2020 02,30.11
3,AR.BRIGHTON345 UBGH2P,17-JUL-2020 02,30.09
3,AR.BRIGHTON345 UBGHP,17-JUL-2020 02,30.09
3,AR.SUNDANCE345 FAIRC,17-JUL-2020 02,30.06
3,DR.NORTH,17-JUL-2020 02,30.01
3,DR.SOUTH_EAST,17-JUL-2020 02,30.13
3,LD.KENT    230 KNT2,17-JUL-2020 02,30.13
3,LD.KENT    345 KNT1,17-JUL-2020 02,30.13
3,LD.MIDWAY  345,17-JUL-2020 02,30.09
3,LD.MIDWAY  345 MID1,17-JUL-2020 02,30.09
3,LD.MIDWAY  345 MID2,17-JUL-2020 02,30.09
3,LD.PARKCITY345 LPRK,17-JUL-2020 02,30.13
3,LD.SOLITUDE230 LSOL,17-JUL-2020 02,29.97
3,LD.SUNDANCE345 LSUN,17-JUL-2020 02,30.06
3,LD.VICTORIA345 LVIC,17-JUL-2020 02,30.13
3,UN.ALTA    345 PRIV,17-JUL-2020 02,30.12
3,UN.ALTA    345 UALT,17-JUL-2020 02,30.12
3,UN.ALTA    345 UALT2,17-JUL-2020 02,30.12
3,UN.ALTA    345 UALT3,17-JUL-2020 02,30.12
3,UN.ALTA    345 UALTA,17-JUL-2020 02,30.12
3,UN.ALTA    345 UALTB,17-JUL-2020 02,30.12
3,UN.BRIGHTON345 UBGH,17-JUL-2020 02,30.09
3,UN.BRIGHTON345 UBGH2,17-JUL-2020 02,30.09
3,UN.KENT    345 UKEN,17-JUL-2020 02,30.13
3,UN.PARKCITY345 UPRK,17-JUL-2020 02,30.13
3,UN.SOLITUDE345 USOL,17-JUL-2020 02,29.95
3,UN.SUNDANCE345 USUN,17-JUL-2020 02,30.06
3,UN.VICTORIA345 UVIC,17-JUL-2020 02,30.13
3,.I.KENT    345 2,17-JUL-2020 03,30.08
3,.I.PARKCITY345 1,17-JUL-2020 03,30.08
3,.I.VICTORIA345 1,17-JUL-2020 03,30.08
3,.Z.NORTH,17-JUL-2020 03,29.96
3,.Z.SOUTH,17-JUL-2020 03,30.06
3,AR.BRIGHTON345 UBGH2P,17-JUL-2020 03,30.04
3,AR.BRIGHTON345 UBGHP,17-JUL-2020 03,30.04
3,AR.SUNDANCE345 FAIRC,17-JUL-2020 03,30.01
3,DR.NORTH,17-JUL-2020 03,29.96
3,DR.SOUTH_EAST,17-JUL-2020 03,30.08
3,LD.KENT    230 KNT2,17-JUL-2020 03,30.08
3,LD.KENT    345 KNT1,17-JUL-2020 03,30.08
3,LD.MIDWAY  345,17-JUL-2020 03,30.04
3,LD.MIDWAY  345 MID1,17-JUL-2020 03,30.04
3,LD.MIDWAY  345 MID2,17-JUL-2020 03,30.04
3,LD.PARKCITY345 LPRK,17-JUL-2020 03,30.08
3,LD.SOLITUDE230 LSOL,17-JUL-2020 03,29.92
3,LD.SUNDANCE345 LSUN,17-JUL-2020 03,30.01
3,LD.VICTORIA345 LVIC,17-JUL-2020 03,30.08
3,UN.ALTA    345 PRIV,17-JUL-2020 03,30.07
3,UN.ALTA    345 UALT,17-JUL-2020 03,30.07
3,UN.ALTA    345 UALT2,17-JUL-2020 03,30.07
3,UN.ALTA    345 UALT3,17-JUL-2020 03,30.07
3,UN.ALTA    345 UALTA,17-JUL-2020 03,30.07
3,UN.ALTA    345 UALTB,17-JUL-2020 03,30.07
3,UN.BRIGHTON345 UBGH,17-JUL-2020 03,30.04
3,UN.BRIGHTON345 UBGH2,17-JUL-2020 03,30.04
3,UN.KENT    345 UKEN,17-JUL-2020 03,30.08
3,UN.PARKCITY345 UPRK,17-JUL-2020 03,30.08
3,UN.SOLITUDE345 USOL,17-JUL-2020 03,29.9
3,UN.SUNDANCE345 USUN,17-JUL-2020 03,30.01
3,UN.VICTORIA345 UVIC,17-JUL-2020 03,30.08
3,.I.KENT    345 2,17-JUL-2020 04,30.03
3,.I.PARKCITY345 1,17-JUL-2020 04,30.03
3,.I.VICTORIA345 1,17-JUL-2020 04,30.03
3,.Z.NORTH,17-JUL-2020 04,29.91
3,.Z.SOUTH,17-JUL-2020 04,30.01
3,AR.BRIGHTON345 UBGH2P,17-JUL-2020 04,29.99
3,AR.BRIGHTON345 UBGHP,17-JUL-2020 04,29.99
3,AR.SUNDANCE345 FAIRC,17-JUL-2020 04,29.96
3,DR.NORTH,17-JUL-2020 04,29.91
3,DR.SOUTH_EAST,17-JUL-2020 04,30.03
3,LD.KENT    230 KNT2,17-JUL-2020 04,30.03
3,LD.KENT    345 KNT1,17-JUL-2020 04,30.03
3,LD.MIDWAY  345,17-JUL-2020 04,29.99
3,LD.MIDWAY  345 MID1,17-JUL-2020 04,29.99
3,LD.MIDWAY  345 MID2,17-JUL-2020 04,29.99
3,LD.PARKCITY345 LPRK,17-JUL-2020 04,30.03
3,LD.SOLITUDE230 LSOL,17-JUL-2020 04,29.87
3,LD.SUNDANCE345 LSUN,17-JUL-2020 04,29.96
3,LD.VICTORIA345 LVIC,17-JUL-2020 04,30.03
3,UN.ALTA    345 PRIV,17-JUL-2020 04,30.02
3,UN.ALTA    345 UALT,17-JUL-2020 04,30.02
3,UN.ALTA    345 UALT2,17-JUL-2020 04,30.02
3,UN.ALTA    345 UALT3,17-JUL-2020 04,30.02
3,UN.ALTA    345 UALTA,17-JUL-2020 04,30.02
3,UN.ALTA    345 UALTB,17-JUL-2020 04,30.02
3,UN.BRIGHTON345 UBGH,17-JUL-2020 04,29.99
3,UN.BRIGHTON345 UBGH2,17-JUL-2020 04,29.99
3,UN.KENT    345 UKEN,17-JUL-2020 04,30.03
3,UN.PARKCITY345 UPRK,17-JUL-2020 04,30.03
3,UN.SOLITUDE345 USOL,17-JUL-2020 04,29.85
3,UN.SUNDANCE345 USUN,17-JUL-2020 04,29.96
3,UN.VICTORIA345 UVIC,17-JUL-2020 04,30.03
3,.I.KENT    345 2,17-JUL-2020 05,29.98
3,.I.PARKCITY345 1,17-JUL-2020 05,29.98
3,.I.VICTORIA345 1,17-JUL-2020 05,29.98
3,.Z.NORTH,17-JUL-2020 05,29.86
3,.Z.SOUTH,17-JUL-2020 05,29.96
3,AR.BRIGHTON345 UBGH2P,17-JUL-2020 05,29.94
3,AR.BRIGHTON345 UBGHP,17-JUL-2020 05,29.94
3,AR.SUNDANCE345 FAIRC,17-JUL-2020 05,29.91
3,DR.NORTH,17-JUL-2020 05,29.86
3,DR.SOUTH_EAST,17-JUL-2020 05,29.98
3,LD.KENT    230 KNT2,17-JUL-2020 05,29.98
3,LD.KENT    345 KNT1,17-JUL-2020 05,29.98
3,LD.MIDWAY  345,17-JUL-2020 05,29.94
3,LD.MIDWAY  345 MID1,17-JUL-2020 05,29.94
3,LD.MIDWAY  345 MID2,17-JUL-2020 05,29.94
3,LD.PARKCITY345 LPRK,17-JUL-2020 05,29.98
3,LD.SOLITUDE230 LSOL,17-JUL-2020 05,29.82
3,LD.SUNDANCE345 LSUN,17-JUL-2020 05,29.91
3,LD.VICTORIA345 LVIC,17-JUL-2020 05,29.98
3,UN.ALTA    345 PRIV,17-JUL-2020 05,29.97
3,UN.ALTA    345 UALT,17-JUL-2020 05,29.97
3,UN.ALTA    345 UALT2,17-JUL-2020 05,29.97
3,UN.ALTA    345 UALT3,17-JUL-2020 05,29.97
3,UN.ALTA    345 UALTA,17-JUL-2020 05,29.97
3,UN.ALTA    345 UALTB,17-JUL-2020 05,29.97
3,UN.BRIGHTON345 UBGH,17-JUL-2020 05,29.94
3,UN.BRIGHTON345 UBGH2,17-JUL-2020 05,29.94
3,UN.KENT    345 UKEN,17-JUL-2020 05,29.98
3,UN.PARKCITY345 UPRK,17-JUL-2020 05,29.98
3,UN.SOLITUDE345 USOL,17-JUL-2020 05,29.8
3,UN.SUNDANCE345 USUN,17-JUL-2020 05,29.91
3,UN.VICTORIA345 UVIC,17-JUL-2020 05,29.98
3,.I.KENT    345 2,17-JUL-2020 06,29.93
3,.I.PARKCITY345 1,17-JUL-2020 06,29.93
3,.I.VICTORIA345 1,17-JUL-2020 06,29.93
3,.Z.NORTH,17-JUL-2020 06,29.81
3,.Z.SOUTH,17-JUL-2020 06,29.91
3,AR.BRIGHTON345 UBGH2P,17-JUL-2020 06,29.89
3,AR.BRIGHTON345 UBGHP,17-JUL-2020 06,29.89
3,AR.SUNDANCE345 FAIRC,17-JUL-2020 06,29.86
3,DR.NORTH,17-JUL-2020 06,29.81
3,DR.SOUTH_EAST,17-JUL-2020 06,29.93
3,LD.KENT    230 KNT2,17-JUL-2020 06,29.93
3,LD.KENT    345 KNT1,17-JUL-2020 06,29.93
3,LD.MIDWAY  345,17-JUL-2020 06,29.89
3,LD.MIDWAY  345 MID1,17-JUL-2020 06,29.89
3,LD.MIDWAY  345 MID2,17-JUL-2020 06,29.89
3,LD.PARKCITY345 LPRK,17-JUL-2020 06,29.93
3,LD.SOLITUDE230 LSOL,17-JUL-2020 06,29.77
3,LD.SUNDANCE345 LSUN,17-JUL-2020 06,29.86
3,LD.VICTORIA345 LVIC,17-JUL-2020 06,29.93
3,UN.ALTA    345 PRIV,17-JUL-2020 06,29.92
3,UN.ALTA    345 UALT,17-JUL-2020 06,29.92
3,UN.ALTA    345 UALT2,17-JUL-2020 06,29.92
3,UN.ALTA    345 UALT3,17-JUL-2020 06,29.92
3,UN.ALTA    345 UALTA,17-JUL-2020 06,29.92
3,UN.ALTA    345 UALTB,17-JUL-2020 06,29.92
3,UN.BRIGHTON345 UBGH,17-JUL-2020 06,29.89
3,UN.BRIGHTON345 UBGH2,17-JUL-2020 06,29.89
3,UN.KENT    345 UKEN,17-JUL-2020 06,29.93
3,UN.PARKCITY345 UPRK,17-JUL-2020 06,29.93
3,UN.SOLITUDE345 USOL,17-JUL-2020 06,29.75
3,UN.SUNDANCE345 USUN,17-JUL-2020 06,29.86
3,UN.VICTORIA345 UVIC,17-JUL-2020 06,29.93
3,.I.KENT    345 2,17-JUL-2020 07,29.88
3,.I.PARKCITY345 1,17-JUL-2020 07,29.88
3,.I.VICTORIA345 1,17-JUL-2020 07,29.88
3,.Z.NORTH,17-JUL-2020 07,29.76
3,.Z.SOUTH,17-JUL-2020 07,29.86
3,AR.BRIGHTON345 UBGH2P,17-JUL-2020 07,29.84
3,AR.BRIGHTON345 UBGHP,17-JUL-2020 07,29.84
3,AR.SUNDANCE345 FAIRC,17-JUL-2020 07,29.81
3,DR.NORTH,17-JUL-2020 07,29.76
3,DR.SOUTH_EAST,17-JUL-2020 07,29.88
3,LD.KENT    230 KNT2,17-JUL-2020 07,29.88
3,LD.KENT    345 KNT1,17-JUL-2020 07,29.88
3,LD.MIDWAY  345,17-JUL-2020 07,29.84
3,LD.MIDWAY  345 MID1,17-JUL-2020 07,29.84
3,LD.MIDWAY  345 MID2,17-JUL-2020 07,29.84
3,LD.PARKCITY345 LPRK,17-JUL-2020 07,29.88
3,LD.SOLITUDE230 LSOL,17-JUL-2020 07,29.72
3,LD.SUNDANCE345 LSUN,17-JUL-2020 07,29.81
3,LD.VICTORIA345 LVIC,17-JUL-2020 07,29.88
3,UN.ALTA    345 PRIV,17-JUL-2020 07,29.87
3,UN.ALTA    345 UALT,17-JUL-2020 07,29.87
3,UN.ALTA    345 UALT2,17-JUL-2020 07,29.87
3,UN.ALTA    345 UALT3,17-JUL-2020 07,29.87
3,UN.ALTA    345 UALTA,17-JUL-2020 07,29.87
3,UN.ALTA    345 UALTB,17-JUL-2020 07,29.87
3,UN.BRIGHTON345 UBGH,17-JUL-2020 07,29.84
3,UN.BRIGHTON345 UBGH2,17-JUL-2020 07,29.84
3,UN.KENT    345 UKEN,17-JUL-2020 07,29.88
3,UN.PARKCITY345 UPRK,17-JUL-2020 07,29.88
3,UN.SOLITUDE345 USOL,17-JUL-2020 07,29.7
3,UN.SUNDANCE345 USUN,17-JUL-2020 07,29.81
3,UN.VICTORIA345 UVIC,17-JUL-2020 07,29.88
3,.I.KENT    345 2,17-JUL-2020 08,29.83
3,.I.PARKCITY345 1,17-JUL-2020 08,29.83
3,.I.VICTORIA345 1,17-JUL-2020 08,29.83
3,.Z.NORTH,17-JUL-2020 08,29.71
3,.Z.SOUTH,17-JUL-2020 08,29.81
3,AR.BRIGHTON345 UBGH2P,17-JUL-2020 08,29.79
3,AR.BRIGHTON345 UBGHP,17-JUL-2020 08,29.79
3,AR.SUNDANCE345 FAIRC,17-JUL-2020 08,29.76
3,DR.NORTH,17-JUL-2020 08,29.71
3,DR.SOUTH_EAST,17-JUL-2020 08,29.83
3,LD.KENT    230 KNT2,17-JUL-2020 08,29.83
3,LD.KENT    345 KNT1,17-JUL-2020 08,29.83
3,LD.MIDWAY  345,17-JUL-2020 08,29.79
3,LD.MIDWAY  345 MID1,17-JUL-2020 08,29.79
3,LD.MIDWAY  345 MID2,17-JUL-2020 08,29.79
3,LD.PARKCITY345 LPRK,17-JUL-2020 08,29.83
3,LD.SOLITUDE230 LSOL,17-JUL-2020 08,29.67
3,LD.SUNDANCE345 LSUN,17-JUL-2020 08,29.76
3,LD.VICTORIA345 LVIC,17-JUL-2020 08,29.83
3,UN.ALTA    345 PRIV,17-JUL-2020 08,29.82
3,UN.ALTA    345 UALT,17-JUL-2020 08,29.82
3,UN.ALTA    345 UALT2,17-JUL-2020 08,29.82
3,UN.ALTA    345 UALT3,17-JUL-2020 08,29.82
3,UN.ALTA    345 UALTA,17-JUL-2020 08,29.82
3,UN.ALTA    345 UALTB,17-JUL-2020 08,29.82
3,UN.BRIGHTON345 UBGH,17-JUL-2020 08,29.79
3,UN.BRIGHTON345 UBGH2,17-JUL-2020 08,29.79
3,UN.KENT    345 UKEN,17-JUL-2020 08,29.83
3,UN.PARKCITY345 UPRK,17-JUL-2020 08,29.83
3,UN.SOLITUDE345 USOL,17-JUL-2020 08,29.65
3,UN.SUNDANCE345 USUN,17-JUL-2020 08,29.76
3,UN.VICTORIA345 UVIC,17-JUL-2020 08,29.83
3,.I.KENT    345 2,17-JUL-2020 09,29.78
3,.I.PARKCITY345 1,17-JUL-2020 09,29.78
3,.I.VICTORIA345 1,17-JUL-2020 09,29.78
3,.Z.NORTH,17-JUL-2020 09,29.66
3,.Z.SOUTH,17-JUL-2020 09,29.76
3,AR.BRIGHTON345 UBGH2P,17-JUL-2020 09,26.74
3,AR.BRIGHTON345 UBGHP,17-JUL-2020 09,29.74
3,AR.SUNDANCE345 FAIRC,17-JUL-2020 09,29.71
3,DR.NORTH,17-JUL-2020 09,29.66
3,DR.SOUTH_EAST,17-JUL-2020 09,29.78
3,LD.KENT    230 KNT2,17-JUL-2020 09,29.78
3,LD.KENT    345 KNT1,17-JUL-2020 09,29.78
3,LD.MIDWAY  345,17-JUL-2020 09,29.74
3,LD.MIDWAY  345 MID1,17-JUL-2020 09,29.74
3,LD.MIDWAY  345 MID2,17-JUL-2020 09,29.74
3,LD.PARKCITY345 LPRK,17-JUL-2020 09,29.78
3,LD.SOLITUDE230 LSOL,17-JUL-2020 09,29.62
3,LD.SUNDANCE345 LSUN,17-JUL-2020 09,29.71
3,LD.VICTORIA345 LVIC,17-JUL-2020 09,29.78
3,UN.ALTA    345 PRIV,17-JUL-2020 09,29.77
3,UN.ALTA    345 UALT,17-JUL-2020 09,29.77
3,UN.ALTA    345 UALT2,17-JUL-2020 09,29.77
3,UN.ALTA    345 UALT3,17-JUL-2020 09,29.77
3,UN.ALTA    345 UALTA,17-JUL-2020 09,29.77
3,UN.ALTA    345 UALTB,17-JUL-2020 09,29.77
3,UN.BRIGHTON345 UBGH,17-JUL-2020 09,29.74
3,UN.BRIGHTON345 UBGH2,17-JUL-2020 09,29.74
3,UN.KENT    345 UKEN,17-JUL-2020 09,29.78
3,UN.PARKCITY345 UPRK,17-JUL-2020 09,29.78
3,UN.SOLITUDE345 USOL,17-JUL-2020 09,29.6
3,UN.SUNDANCE345 USUN,17-JUL-2020 09,29.71
3,UN.VICTORIA345 UVIC,17-JUL-2020 09,29.78
3,.I.KENT    345 2,17-JUL-2020 10,29.73
3,.I.PARKCITY345 1,17-JUL-2020 10,29.73
3,.I.VICTORIA345 1,17-JUL-2020 10,29.73
3,.Z.NORTH,17-JUL-2020 10,29.61
3,.Z.SOUTH,17-JUL-2020 10,29.71
3,AR.BRIGHTON345 UBGH2P,17-JUL-2020 10,29.69
3,AR.BRIGHTON345 UBGHP,17-JUL-2020 10,29.69
3,AR.SUNDANCE345 FAIRC,17-JUL-2020 10,29.66
3,DR.NORTH,17-JUL-2020 10,29.61
3,DR.SOUTH_EAST,17-JUL-2020 10,29.73
3,LD.KENT    230 KNT2,17-JUL-2020 10,29.73
3,LD.KENT    345 KNT1,17-JUL-2020 10,29.73
3,LD.MIDWAY  345,17-JUL-2020 10,29.69
3,LD.MIDWAY  345 MID1,17-JUL-2020 10,29.69
3,LD.MIDWAY  345 MID2,17-JUL-2020 10,29.69
3,LD.PARKCITY345 LPRK,17-JUL-2020 10,29.73
3,LD.SOLITUDE230 LSOL,17-JUL-2020 10,29.57
3,LD.SUNDANCE345 LSUN,17-JUL-2020 10,29.66
3,LD.VICTORIA345 LVIC,17-JUL-2020 10,29.73
3,UN.ALTA    345 PRIV,17-JUL-2020 10,29.72
3,UN.ALTA    345 UALT,17-JUL-2020 10,29.72
3,UN.ALTA    345 UALT2,17-JUL-2020 10,29.72
3,UN.ALTA    345 UALT3,17-JUL-2020 10,29.72
3,UN.ALTA    345 UALTA,17-JUL-2020 10,29.72
3,UN.ALTA    345 UALTB,17-JUL-2020 10,29.72
3,UN.BRIGHTON345 UBGH,17-JUL-2020 10,29.69
3,UN.BRIGHTON345 UBGH2,17-JUL-2020 10,29.69
3,UN.KENT    345 UKEN,17-JUL-2020 10,29.73
3,UN.PARKCITY345 UPRK,17-JUL-2020 10,29.73
3,UN.SOLITUDE345 USOL,17-JUL-2020 10,29.55
3,UN.SUNDANCE345 USUN,17-JUL-2020 10,29.66
3,UN.VICTORIA345 UVIC,17-JUL-2020 10,29.73
3,.I.KENT    345 2,17-JUL-2020 11,29.68
3,.I.PARKCITY345 1,17-JUL-2020 11,29.68
3,.I.VICTORIA345 1,17-JUL-2020 11,29.68
3,.Z.NORTH,17-JUL-2020 11,29.56
3,.Z.SOUTH,17-JUL-2020 11,29.66
3,AR.BRIGHTON345 UBGH2P,17-JUL-2020 11,29.64
3,AR.BRIGHTON345 UBGHP,17-JUL-2020 11,29.64
3,AR.SUNDANCE345 FAIRC,17-JUL-2020 11,29.61
3,DR.NORTH,17-JUL-2020 11,29.56
3,DR.SOUTH_EAST,17-JUL-2020 11,29.68
3,LD.KENT    230 KNT2,17-JUL-2020 11,29.68
3,LD.KENT    345 KNT1,17-JUL-2020 11,29.68
3,LD.MIDWAY  345,17-JUL-2020 11,29.64
3,LD.MIDWAY  345 MID1,17-JUL-2020 11,29.64
3,LD.MIDWAY  345 MID2,17-JUL-2020 11,29.64
3,LD.PARKCITY345 LPRK,17-JUL-2020 11,29.68
3,LD.SOLITUDE230 LSOL,17-JUL-2020 11,29.52
3,LD.SUNDANCE345 LSUN,17-JUL-2020 11,29.61
3,LD.VICTORIA345 LVIC,17-JUL-2020 11,29.68
3,UN.ALTA    345 PRIV,17-JUL-2020 11,29.67
3,UN.ALTA    345 UALT,17-JUL-2020 11,29.67
3,UN.ALTA    345 UALT2,17-JUL-2020 11,29.67
3,UN.ALTA    345 UALT3,17-JUL-2020 11,29.67
3,UN.ALTA    345 UALTA,17-JUL-2020 11,29.67
3,UN.ALTA    345 UALTB,17-JUL-2020 11,29.67
3,UN.BRIGHTON345 UBGH,17-JUL-2020 11,29.64
3,UN.BRIGHTON345 UBGH2,17-JUL-2020 11,29.64
3,UN.KENT    345 UKEN,17-JUL-2020 11,29.68
3,UN.PARKCITY345 UPRK,17-JUL-2020 11,29.68
3,UN.SOLITUDE345 USOL,17-JUL-2020 11,29.5
3,UN.SUNDANCE345 USUN,17-JUL-2020 11,29.61
3,UN.VICTORIA345 UVIC,17-JUL-2020 11,29.68
3,.I.KENT    345 2,17-JUL-2020 12,29.63
3,.I.PARKCITY345 1,17-JUL-2020 12,29.63
3,.I.VICTORIA345 1,17-JUL-2020 12,29.63
3,.Z.NORTH,17-JUL-2020 12,29.51
3,.Z.SOUTH,17-JUL-2020 12,29.61
3,AR.BRIGHTON345 UBGH2P,17-JUL-2020 12,29.59
3,AR.BRIGHTON345 UBGHP,17-JUL-2020 12,29.59
3,AR.SUNDANCE345 FAIRC,17-JUL-2020 12,29.56
3,DR.NORTH,17-JUL-2020 12,29.51
3,DR.SOUTH_EAST,17-JUL-2020 12,29.63
3,LD.KENT    230 KNT2,17-JUL-2020 12,29.63
3,LD.KENT    345 KNT1,17-JUL-2020 12,29.63
3,LD.MIDWAY  345,17-JUL-2020 12,29.59
3,LD.MIDWAY  345 MID1,17-JUL-2020 12,29.59
3,LD.MIDWAY  345 MID2,17-JUL-2020 12,29.59
3,LD.PARKCITY345 LPRK,17-JUL-2020 12,29.63
3,LD.SOLITUDE230 LSOL,17-JUL-2020 12,29.47
3,LD.SUNDANCE345 LSUN,17-JUL-2020 12,29.56
3,LD.VICTORIA345 LVIC,17-JUL-2020 12,29.63
3,UN.ALTA    345 PRIV,17-JUL-2020 12,29.62
3,UN.ALTA    345 UALT,17-JUL-2020 12,29.62
3,UN.ALTA    345 UALT2,17-JUL-2020 12,29.62
3,UN.ALTA    345 UALT3,17-JUL-2020 12,29.62
3,UN.ALTA    345 UALTA,17-JUL-2020 12,29.62
3,UN.ALTA    345 UALTB,17-JUL-2020 12,29.62
3,UN.BRIGHTON345 UBGH,17-JUL-2020 12,29.59
3,UN.BRIGHTON345 UBGH2,17-JUL-2020 12,29.59
3,UN.KENT    345 UKEN,17-JUL-2020 12,29.63
3,UN.PARKCITY345 UPRK,17-JUL-2020 12,29.63
3,UN.SOLITUDE345 USOL,17-JUL-2020 12,29.45
3,UN.SUNDANCE345 USUN,17-JUL-2020 12,29.56
3,UN.VICTORIA345 UVIC,17-JUL-2020 12,29.63
3,.I.KENT    345 2,17-JUL-2020 13,29.58
3,.I.PARKCITY345 1,17-JUL-2020 13,29.58
3,.I.VICTORIA345 1,17-JUL-2020 13,29.58
3,.Z.NORTH,17-JUL-2020 13,29.46
3,.Z.SOUTH,17-JUL-2020 13,29.56
3,AR.BRIGHTON345 UBGH2P,17-JUL-2020 13,29.54
3,AR.BRIGHTON345 UBGHP,17-JUL-2020 13,29.54
3,AR.SUNDANCE345 FAIRC,17-JUL-2020 13,29.51
3,DR.NORTH,17-JUL-2020 13,29.46
3,DR.SOUTH_EAST,17-JUL-2020 13,29.58
3,LD.KENT    230 KNT2,17-JUL-2020 13,29.58
3,LD.KENT    345 KNT1,17-JUL-2020 13,29.58
3,LD.MIDWAY  345,17-JUL-2020 13,29.54
3,LD.MIDWAY  345 MID1,17-JUL-2020 13,29.54
3,LD.MIDWAY  345 MID2,17-JUL-2020 13,29.54
3,LD.PARKCITY345 LPRK,17-JUL-2020 13,29.58
3,LD.SOLITUDE230 LSOL,17-JUL-2020 13,29.42
3,LD.SUNDANCE345 LSUN,17-JUL-2020 13,29.51
3,LD.VICTORIA345 LVIC,17-JUL-2020 13,29.58
3,UN.ALTA    345 PRIV,17-JUL-2020 13,29.57
3,UN.ALTA    345 UALT,17-JUL-2020 13,29.57
3,UN.ALTA    345 UALT2,17-JUL-2020 13,29.57
3,UN.ALTA    345 UALT3,17-JUL-2020 13,29.57
3,UN.ALTA    345 UALTA,17-JUL-2020 13,29.57
3,UN.ALTA    345 UALTB,17-JUL-2020 13,29.57
3,UN.BRIGHTON345 UBGH,17-JUL-2020 13,29.54
3,UN.BRIGHTON345 UBGH2,17-JUL-2020 13,29.54
3,UN.KENT    345 UKEN,17-JUL-2020 13,29.58
3,UN.PARKCITY345 UPRK,17-JUL-2020 13,29.58
3,UN.SOLITUDE345 USOL,17-JUL-2020 13,29.4
3,UN.SUNDANCE345 USUN,17-JUL-2020 13,29.51
3,UN.VICTORIA345 UVIC,17-JUL-2020 13,29.58
3,.I.KENT    345 2,17-JUL-2020 14,29.53
3,.I.PARKCITY345 1,17-JUL-2020 14,29.53
3,.I.VICTORIA345 1,17-JUL-2020 14,29.53
3,.Z.NORTH,17-JUL-2020 14,29.41
3,.Z.SOUTH,17-JUL-2020 14,29.51
3,AR.BRIGHTON345 UBGH2P,17-JUL-2020 14,29.49
3,AR.BRIGHTON345 UBGHP,17-JUL-2020 14,29.49
3,AR.SUNDANCE345 FAIRC,17-JUL-2020 14,29.46
3,DR.NORTH,17-JUL-2020 14,29.41
3,DR.SOUTH_EAST,17-JUL-2020 14,29.53
3,LD.KENT    230 KNT2,17-JUL-2020 14,29.53
3,LD.KENT    345 KNT1,17-JUL-2020 14,29.53
3,LD.MIDWAY  345,17-JUL-2020 14,29.49
3,LD.MIDWAY  345 MID1,17-JUL-2020 14,29.49
3,LD.MIDWAY  345 MID2,17-JUL-2020 14,29.49
3,LD.PARKCITY345 LPRK,17-JUL-2020 14,29.53
3,LD.SOLITUDE230 LSOL,17-JUL-2020 14,29.37
3,LD.SUNDANCE345 LSUN,17-JUL-2020 14,29.46
3,LD.VICTORIA345 LVIC,17-JUL-2020 14,29.53
3,UN.ALTA    345 PRIV,17-JUL-2020 14,29.52
3,UN.ALTA    345 UALT,17-JUL-2020 14,29.52
3,UN.ALTA    345 UALT2,17-JUL-2020 14,29.52
3,UN.ALTA    345 UALT3,17-JUL-2020 14,29.52
3,UN.ALTA    345 UALTA,17-JUL-2020 14,29.52
3,UN.ALTA    345 UALTB,17-JUL-2020 14,29.52
3,UN.BRIGHTON345 UBGH,17-JUL-2020 14,29.49
3,UN.BRIGHTON345 UBGH2,17-JUL-2020 14,29.49
3,UN.KENT    345 UKEN,17-JUL-2020 14,29.53
3,UN.PARKCITY345 UPRK,17-JUL-2020 14,29.53
3,UN.SOLITUDE345 USOL,17-JUL-2020 14,29.35
3,UN.SUNDANCE345 USUN,17-JUL-2020 14,29.46
3,UN.VICTORIA345 UVIC,17-JUL-2020 14,29.53
3,.I.KENT    345 2,17-JUL-2020 15,29.48
3,.I.PARKCITY345 1,17-JUL-2020 15,29.48
3,.I.VICTORIA345 1,17-JUL-2020 15,29.48
3,.Z.NORTH,17-JUL-2020 15,29.36
3,.Z.SOUTH,17-JUL-2020 15,29.46
3,AR.BRIGHTON345 UBGH2P,17-JUL-2020 15,29.44
3,AR.BRIGHTON345 UBGHP,17-JUL-2020 15,29.44
3,AR.SUNDANCE345 FAIRC,17-JUL-2020 15,29.41
3,DR.NORTH,17-JUL-2020 15,29.36
3,DR.SOUTH_EAST,17-JUL-2020 15,29.48
3,LD.KENT    230 KNT2,17-JUL-2020 15,29.48
3,LD.KENT    345 KNT1,17-JUL-2020 15,29.48
3,LD.MIDWAY  345,17-JUL-2020 15,29.44
3,LD.MIDWAY  345 MID1,17-JUL-2020 15,29.44
3,LD.MIDWAY  345 MID2,17-JUL-2020 15,29.44
3,LD.PARKCITY345 LPRK,17-JUL-2020 15,29.48
3,LD.SOLITUDE230 LSOL,17-JUL-2020 15,29.32
3,LD.SUNDANCE345 LSUN,17-JUL-2020 15,29.41
3,LD.VICTORIA345 LVIC,17-JUL-2020 15,29.48
3,UN.ALTA    345 PRIV,17-JUL-2020 15,29.47
3,UN.ALTA    345 UALT,17-JUL-2020 15,29.47
3,UN.ALTA    345 UALT2,17-JUL-2020 15,29.47
3,UN.ALTA    345 UALT3,17-JUL-2020 15,29.47
3,UN.ALTA    345 UALTA,17-JUL-2020 15,29.47
3,UN.ALTA    345 UALTB,17-JUL-2020 15,29.47
3,UN.BRIGHTON345 UBGH,17-JUL-2020 15,29.44
3,UN.BRIGHTON345 UBGH2,17-JUL-2020 15,29.44
3,UN.KENT    345 UKEN,17-JUL-2020 15,29.48
3,UN.PARKCITY345 UPRK,17-JUL-2020 15,29.48
3,UN.SOLITUDE345 USOL,17-JUL-2020 15,29.3
3,UN.SUNDANCE345 USUN,17-JUL-2020 15,29.41
3,UN.VICTORIA345 UVIC,17-JUL-2020 15,29.48
3,.I.KENT    345 2,17-JUL-2020 16,29.43
3,.I.PARKCITY345 1,17-JUL-2020 16,29.43
3,.I.VICTORIA345 1,17-JUL-2020 16,29.43
3,.Z.NORTH,17-JUL-2020 16,29.31
3,.Z.SOUTH,17-JUL-2020 16,29.41
3,AR.BRIGHTON345 UBGH2P,17-JUL-2020 16,29.39
3,AR.BRIGHTON345 UBGHP,17-JUL-2020 16,29.39
3,AR.SUNDANCE345 FAIRC,17-JUL-2020 16,29.36
3,DR.NORTH,17-JUL-2020 16,29.31
3,DR.SOUTH_EAST,17-JUL-2020 16,29.43
3,LD.KENT    230 KNT2,17-JUL-2020 16,29.43
3,LD.KENT    345 KNT1,17-JUL-2020 16,29.43
3,LD.MIDWAY  345,17-JUL-2020 16,29.39
3,LD.MIDWAY  345 MID1,17-JUL-2020 16,29.39
3,LD.MIDWAY  345 MID2,17-JUL-2020 16,29.39
3,LD.PARKCITY345 LPRK,17-JUL-2020 16,29.43
3,LD.SOLITUDE230 LSOL,17-JUL-2020 16,29.27
3,LD.SUNDANCE345 LSUN,17-JUL-2020 16,29.36
3,LD.VICTORIA345 LVIC,17-JUL-2020 16,29.43
3,UN.ALTA    345 PRIV,17-JUL-2020 16,29.42
3,UN.ALTA    345 UALT,17-JUL-2020 16,29.42
3,UN.ALTA    345 UALT2,17-JUL-2020 16,29.42
3,UN.ALTA    345 UALT3,17-JUL-2020 16,29.42
3,UN.ALTA    345 UALTA,17-JUL-2020 16,29.42
3,UN.ALTA    345 UALTB,17-JUL-2020 16,29.42
3,UN.BRIGHTON345 UBGH,17-JUL-2020 16,29.39
3,UN.BRIGHTON345 UBGH2,17-JUL-2020 16,29.39
3,UN.KENT    345 UKEN,17-JUL-2020 16,29.43
3,UN.PARKCITY345 UPRK,17-JUL-2020 16,29.43
3,UN.SOLITUDE345 USOL,17-JUL-2020 16,29.25
3,UN.SUNDANCE345 USUN,17-JUL-2020 16,29.36
3,UN.VICTORIA345 UVIC,17-JUL-2020 16,29.43
3,.I.KENT    345 2,17-JUL-2020 17,29.38
3,.I.PARKCITY345 1,17-JUL-2020 17,29.38
3,.I.VICTORIA345 1,17-JUL-2020 17,29.38
3,.Z.NORTH,17-JUL-2020 17,29.26
3,.Z.SOUTH,17-JUL-2020 17,29.36
3,AR.BRIGHTON345 UBGH2P,17-JUL-2020 17,29.34
3,AR.BRIGHTON345 UBGHP,17-JUL-2020 17,29.34
3,AR.SUNDANCE345 FAIRC,17-JUL-2020 17,29.31
3,DR.NORTH,17-JUL-2020 17,29.26
3,DR.SOUTH_EAST,17-JUL-2020 17,29.38
3,LD.KENT    230 KNT2,17-JUL-2020 17,29.38
3,LD.KENT    345 KNT1,17-JUL-2020 17,29.38
3,LD.MIDWAY  345,17-JUL-2020 17,29.34
3,LD.MIDWAY  345 MID1,17-JUL-2020 17,29.34
3,LD.MIDWAY  345 MID2,17-JUL-2020 17,29.34
3,LD.PARKCITY345 LPRK,17-JUL-2020 17,29.38
3,LD.SOLITUDE230 LSOL,17-JUL-2020 17,29.22
3,LD.SUNDANCE345 LSUN,17-JUL-2020 17,29.31
3,LD.VICTORIA345 LVIC,17-JUL-2020 17,29.38
3,UN.ALTA    345 PRIV,17-JUL-2020 17,29.37
3,UN.ALTA    345 UALT,17-JUL-2020 17,29.37
3,UN.ALTA    345 UALT2,17-JUL-2020 17,29.37
3,UN.ALTA    345 UALT3,17-JUL-2020 17,29.37
3,UN.ALTA    345 UALTA,17-JUL-2020 17,29.37
3,UN.ALTA    345 UALTB,17-JUL-2020 17,29.37
3,UN.BRIGHTON345 UBGH,17-JUL-2020 17,29.34
3,UN.BRIGHTON345 UBGH2,17-JUL-2020 17,29.34
3,UN.KENT    345 UKEN,17-JUL-2020 17,29.38
3,UN.PARKCITY345 UPRK,17-JUL-2020 17,29.38
3,UN.SOLITUDE345 USOL,17-JUL-2020 17,29.2
3,UN.SUNDANCE345 USUN,17-JUL-2020 17,29.31
3,UN.VICTORIA345 UVIC,17-JUL-2020 17,29.38
3,.I.KENT    345 2,17-JUL-2020 18,29.33
3,.I.PARKCITY345 1,17-JUL-2020 18,29.33
3,.I.VICTORIA345 1,17-JUL-2020 18,29.33
3,.Z.NORTH,17-JUL-2020 18,29.21
3,.Z.SOUTH,17-JUL-2020 18,29.31
3,AR.BRIGHTON345 UBGH2P,17-JUL-2020 18,29.29
3,AR.BRIGHTON345 UBGHP,17-JUL-2020 18,29.29
3,AR.SUNDANCE345 FAIRC,17-JUL-2020 18,29.26
3,DR.NORTH,17-JUL-2020 18,29.21
3,DR.SOUTH_EAST,17-JUL-2020 18,29.33
3,LD.KENT    230 KNT2,17-JUL-2020 18,29.33
3,LD.KENT    345 KNT1,17-JUL-2020 18,29.33
3,LD.MIDWAY  345,17-JUL-2020 18,29.29
3,LD.MIDWAY  345 MID1,17-JUL-2020 18,29.29
3,LD.MIDWAY  345 MID2,17-JUL-2020 18,29.29
3,LD.PARKCITY345 LPRK,17-JUL-2020 18,29.33
3,LD.SOLITUDE230 LSOL,17-JUL-2020 18,29.17
3,LD.SUNDANCE345 LSUN,17-JUL-2020 18,29.26
3,LD.VICTORIA345 LVIC,17-JUL-2020 18,29.33
3,UN.ALTA    345 PRIV,17-JUL-2020 18,29.32
3,UN.ALTA    345 UALT,17-JUL-2020 18,29.32
3,UN.ALTA    345 UALT2,17-JUL-2020 18,29.32
3,UN.ALTA    345 UALT3,17-JUL-2020 18,29.32
3,UN.ALTA    345 UALTA,17-JUL-2020 18,29.32
3,UN.ALTA    345 UALTB,17-JUL-2020 18,29.32
3,UN.BRIGHTON345 UBGH,17-JUL-2020 18,29.29
3,UN.BRIGHTON345 UBGH2,17-JUL-2020 18,29.29
3,UN.KENT    345 UKEN,17-JUL-2020 18,29.33
3,UN.PARKCITY345 UPRK,17-JUL-2020 18,29.33
3,UN.SOLITUDE345 USOL,17-JUL-2020 18,29.15
3,UN.SUNDANCE345 USUN,17-JUL-2020 18,29.26
3,UN.VICTORIA345 UVIC,17-JUL-2020 18,29.33
3,.I.KENT    345 2,17-JUL-2020 19,29.28
3,.I.PARKCITY345 1,17-JUL-2020 19,29.28
3,.I.VICTORIA345 1,17-JUL-2020 19,29.28
3,.Z.NORTH,17-JUL-2020 19,29.16
3,.Z.SOUTH,17-JUL-2020 19,29.26
3,AR.BRIGHTON345 UBGH2P,17-JUL-2020 19,29.24
3,AR.BRIGHTON345 UBGHP,17-JUL-2020 19,29.24
3,AR.SUNDANCE345 FAIRC,17-JUL-2020 19,29.21
3,DR.NORTH,17-JUL-2020 19,29.16
3,DR.SOUTH_EAST,17-JUL-2020 19,29.28
3,LD.KENT    230 KNT2,17-JUL-2020 19,29.28
3,LD.KENT    345 KNT1,17-JUL-2020 19,29.28
3,LD.MIDWAY  345,17-JUL-2020 19,29.24
3,LD.MIDWAY  345 MID1,17-JUL-2020 19,29.24
3,LD.MIDWAY  345 MID2,17-JUL-2020 19,29.24
3,LD.PARKCITY345 LPRK,17-JUL-2020 19,29.28
3,LD.SOLITUDE230 LSOL,17-JUL-2020 19,29.12
3,LD.SUNDANCE345 LSUN,17-JUL-2020 19,29.21
3,LD.VICTORIA345 LVIC,17-JUL-2020 19,29.28
3,UN.ALTA    345 PRIV,17-JUL-2020 19,29.27
3,UN.ALTA    345 UALT,17-JUL-2020 19,29.27
3,UN.ALTA    345 UALT2,17-JUL-2020 19,29.27
3,UN.ALTA    345 UALT3,17-JUL-2020 19,29.27
3,UN.ALTA    345 UALTA,17-JUL-2020 19,29.27
3,UN.ALTA    345 UALTB,17-JUL-2020 19,29.27
3,UN.BRIGHTON345 UBGH,17-JUL-2020 19,29.24
3,UN.BRIGHTON345 UBGH2,17-JUL-2020 19,29.24
3,UN.KENT    345 UKEN,17-JUL-2020 19,29.28
3,UN.PARKCITY345 UPRK,17-JUL-2020 19,29.28
3,UN.SOLITUDE345 USOL,17-JUL-2020 19,29.1
3,UN.SUNDANCE345 USUN,17-JUL-2020 19,29.21
3,UN.VICTORIA345 UVIC,17-JUL-2020 19,29.28
3,.I.KENT    345 2,17-JUL-2020 20,29.23
3,.I.PARKCITY345 1,17-JUL-2020 20,29.23
3,.I.VICTORIA345 1,17-JUL-2020 20,29.23
3,.Z.NORTH,17-JUL-2020 20,29.11
3,.Z.SOUTH,17-JUL-2020 20,29.21
3,AR.BRIGHTON345 UBGH2P,17-JUL-2020 20,29.19
3,AR.BRIGHTON345 UBGHP,17-JUL-2020 20,29.19
3,AR.SUNDANCE345 FAIRC,17-JUL-2020 20,29.16
3,DR.NORTH,17-JUL-2020 20,29.11
3,DR.SOUTH_EAST,17-JUL-2020 20,29.23
3,LD.KENT    230 KNT2,17-JUL-2020 20,29.23
3,LD.KENT    345 KNT1,17-JUL-2020 20,29.23
3,LD.MIDWAY  345,17-JUL-2020 20,29.19
3,LD.MIDWAY  345 MID1,17-JUL-2020 20,29.19
3,LD.MIDWAY  345 MID2,17-JUL-2020 20,29.19
3,LD.PARKCITY345 LPRK,17-JUL-2020 20,29.23
3,LD.SOLITUDE230 LSOL,17-JUL-2020 20,29.07
3,LD.SUNDANCE345 LSUN,17-JUL-2020 20,29.16
3,LD.VICTORIA345 LVIC,17-JUL-2020 20,29.23
3,UN.ALTA    345 PRIV,17-JUL-2020 20,29.22
3,UN.ALTA    345 UALT,17-JUL-2020 20,29.22
3,UN.ALTA    345 UALT2,17-JUL-2020 20,29.22
3,UN.ALTA    345 UALT3,17-JUL-2020 20,29.22
3,UN.ALTA    345 UALTA,17-JUL-2020 20,29.22
3,UN.ALTA    345 UALTB,17-JUL-2020 20,29.22
3,UN.BRIGHTON345 UBGH,17-JUL-2020 20,29.19
3,UN.BRIGHTON345 UBGH2,17-JUL-2020 20,29.19
3,UN.KENT    345 UKEN,17-JUL-2020 20,29.23
3,UN.PARKCITY345 UPRK,17-JUL-2020 20,29.23
3,UN.SOLITUDE345 USOL,17-JUL-2020 20,29.05
3,UN.SUNDANCE345 USUN,17-JUL-2020 20,29.16
3,UN.VICTORIA345 UVIC,17-JUL-2020 20,29.23
3,.I.KENT    345 2,17-JUL-2020 21,29.18
3,.I.PARKCITY345 1,17-JUL-2020 21,29.18
3,.I.VICTORIA345 1,17-JUL-2020 21,29.18
3,.Z.NORTH,17-JUL-2020 21,29.06
3,.Z.SOUTH,17-JUL-2020 21,29.16
3,AR.BRIGHTON345 UBGH2P,17-JUL-2020 21,29.14
3,AR.BRIGHTON345 UBGHP,17-JUL-2020 21,29.14
3,AR.SUNDANCE345 FAIRC,17-JUL-2020 21,29.11
3,DR.NORTH,17-JUL-2020 21,29.06
3,DR.SOUTH_EAST,17-JUL-2020 21,29.18
3,LD.KENT    230 KNT2,17-JUL-2020 21,29.18
3,LD.KENT    345 KNT1,17-JUL-2020 21,29.18
3,LD.MIDWAY  345,17-JUL-2020 21,29.14
3,LD.MIDWAY  345 MID1,17-JUL-2020 21,29.14
3,LD.MIDWAY  345 MID2,17-JUL-2020 21,29.14
3,LD.PARKCITY345 LPRK,17-JUL-2020 21,29.18
3,LD.SOLITUDE230 LSOL,17-JUL-2020 21,29.02
3,LD.SUNDANCE345 LSUN,17-JUL-2020 21,29.11
3,LD.VICTORIA345 LVIC,17-JUL-2020 21,29.18
3,UN.ALTA    345 PRIV,17-JUL-2020 21,29.17
3,UN.ALTA    345 UALT,17-JUL-2020 21,29.17
3,UN.ALTA    345 UALT2,17-JUL-2020 21,29.17
3,UN.ALTA    345 UALT3,17-JUL-2020 21,29.17
3,UN.ALTA    345 UALTA,17-JUL-2020 21,29.17
3,UN.ALTA    345 UALTB,17-JUL-2020 21,29.17
3,UN.BRIGHTON345 UBGH,17-JUL-2020 21,29.14
3,UN.BRIGHTON345 UBGH2,17-JUL-2020 21,29.14
3,UN.KENT    345 UKEN,17-JUL-2020 21,29.18
3,UN.PARKCITY345 UPRK,17-JUL-2020 21,29.18
3,UN.SOLITUDE345 USOL,17-JUL-2020 21,29
3,UN.SUNDANCE345 USUN,17-JUL-2020 21,29.11
3,UN.VICTORIA345 UVIC,17-JUL-2020 21,29.18
3,.I.KENT    345 2,17-JUL-2020 22,29.13
3,.I.PARKCITY345 1,17-JUL-2020 22,29.13
3,.I.VICTORIA345 1,17-JUL-2020 22,29.13
3,.Z.NORTH,17-JUL-2020 22,29.01
3,.Z.SOUTH,17-JUL-2020 22,29.11
3,AR.BRIGHTON345 UBGH2P,17-JUL-2020 22,29.09
3,AR.BRIGHTON345 UBGHP,17-JUL-2020 22,29.09
3,AR.SUNDANCE345 FAIRC,17-JUL-2020 22,29.06
3,DR.NORTH,17-JUL-2020 22,29.01
3,DR.SOUTH_EAST,17-JUL-2020 22,29.13
3,LD.KENT    230 KNT2,17-JUL-2020 22,29.13
3,LD.KENT    345 KNT1,17-JUL-2020 22,29.13
3,LD.MIDWAY  345,17-JUL-2020 22,29.09
3,LD.MIDWAY  345 MID1,17-JUL-2020 22,29.09
3,LD.MIDWAY  345 MID2,17-JUL-2020 22,29.09
3,LD.PARKCITY345 LPRK,17-JUL-2020 22,29.13
3,LD.SOLITUDE230 LSOL,17-JUL-2020 22,28.97
3,LD.SUNDANCE345 LSUN,17-JUL-2020 22,29.06
3,LD.VICTORIA345 LVIC,17-JUL-2020 22,29.13
3,UN.ALTA    345 PRIV,17-JUL-2020 22,29.12
3,UN.ALTA    345 UALT,17-JUL-2020 22,29.12
3,UN.ALTA    345 UALT2,17-JUL-2020 22,29.12
3,UN.ALTA    345 UALT3,17-JUL-2020 22,29.12
3,UN.ALTA    345 UALTA,17-JUL-2020 22,29.12
3,UN.ALTA    345 UALTB,17-JUL-2020 22,29.12
3,UN.BRIGHTON345 UBGH,17-JUL-2020 22,29.09
3,UN.BRIGHTON345 UBGH2,17-JUL-2020 22,29.09
3,UN.KENT    345 UKEN,17-JUL-2020 22,29.13
3,UN.PARKCITY345 UPRK,17-JUL-2020 22,29.13
3,UN.SOLITUDE345 USOL,17-JUL-2020 22,28.95
3,UN.SUNDANCE345 USUN,17-JUL-2020 22,29.06
3,UN.VICTORIA345 UVIC,17-JUL-2020 22,29.13
3,.I.KENT    345 2,17-JUL-2020 23,29.08
3,.I.PARKCITY345 1,17-JUL-2020 23,29.08
3,.I.VICTORIA345 1,17-JUL-2020 23,29.08
3,.Z.NORTH,17-JUL-2020 23,28.96
3,.Z.SOUTH,17-JUL-2020 23,29.06
3,AR.BRIGHTON345 UBGH2P,17-JUL-2020 23,29.04
3,AR.BRIGHTON345 UBGHP,17-JUL-2020 23,29.04
3,AR.SUNDANCE345 FAIRC,17-JUL-2020 23,29.01
3,DR.NORTH,17-JUL-2020 23,28.96
3,DR.SOUTH_EAST,17-JUL-2020 23,29.08
3,LD.KENT    230 KNT2,17-JUL-2020 23,29.08
3,LD.KENT    345 KNT1,17-JUL-2020 23,29.08
3,LD.MIDWAY  345,17-JUL-2020 23,29.04
3,LD.MIDWAY  345 MID1,17-JUL-2020 23,29.04
3,LD.MIDWAY  345 MID2,17-JUL-2020 23,29.04
3,LD.PARKCITY345 LPRK,17-JUL-2020 23,29.08
3,LD.SOLITUDE230 LSOL,17-JUL-2020 23,28.92
3,LD.SUNDANCE345 LSUN,17-JUL-2020 23,29.01
3,LD.VICTORIA345 LVIC,17-JUL-2020 23,29.08
3,UN.ALTA    345 PRIV,17-JUL-2020 23,29.07
3,UN.ALTA    345 UALT,17-JUL-2020 23,29.07
3,UN.ALTA    345 UALT2,17-JUL-2020 23,29.07
3,UN.ALTA    345 UALT3,17-JUL-2020 23,29.07
3,UN.ALTA    345 UALTA,17-JUL-2020 23,29.07
3,UN.ALTA    345 UALTB,17-JUL-2020 23,29.07
3,UN.BRIGHTON345 UBGH,17-JUL-2020 23,29.04
3,UN.BRIGHTON345 UBGH2,17-JUL-2020 23,29.04
3,UN.KENT    345 UKEN,17-JUL-2020 23,29.08
3,UN.PARKCITY345 UPRK,17-JUL-2020 23,29.08
3,UN.SOLITUDE345 USOL,17-JUL-2020 23,28.9
3,UN.SUNDANCE345 USUN,17-JUL-2020 23,29.01
3,UN.VICTORIA345 UVIC,17-JUL-2020 23,29.08
3,.I.KENT    345 2,17-JUL-2020 24,29.03
3,.I.PARKCITY345 1,17-JUL-2020 24,29.03
3,.I.VICTORIA345 1,17-JUL-2020 24,29.03
3,.Z.NORTH,17-JUL-2020 24,28.91
3,.Z.SOUTH,17-JUL-2020 24,29.01
3,AR.BRIGHTON345 UBGH2P,17-JUL-2020 24,28.99
3,AR.BRIGHTON345 UBGHP,17-JUL-2020 24,28.99
3,AR.SUNDANCE345 FAIRC,17-JUL-2020 24,28.96
3,DR.NORTH,17-JUL-2020 24,28.91
3,DR.SOUTH_EAST,17-JUL-2020 24,29.03
3,LD.KENT    230 KNT2,17-JUL-2020 24,29.03
3,LD.KENT    345 KNT1,17-JUL-2020 24,29.03
3,LD.MIDWAY  345,17-JUL-2020 24,28.99
3,LD.MIDWAY  345 MID1,17-JUL-2020 24,28.99
3,LD.MIDWAY  345 MID2,17-JUL-2020 24,28.99
3,LD.PARKCITY345 LPRK,17-JUL-2020 24,29.03
3,LD.SOLITUDE230 LSOL,17-JUL-2020 24,28.87
3,LD.SUNDANCE345 LSUN,17-JUL-2020 24,28.96
3,LD.VICTORIA345 LVIC,17-JUL-2020 24,29.03
3,UN.ALTA    345 PRIV,17-JUL-2020 24,29.02
3,UN.ALTA    345 UALT,17-JUL-2020 24,29.02
3,UN.ALTA    345 UALT2,17-JUL-2020 24,29.02
3,UN.ALTA    345 UALT3,17-JUL-2020 24,29.02
3,UN.ALTA    345 UALTA,17-JUL-2020 24,29.02
3,UN.ALTA    345 UALTB,17-JUL-2020 24,29.02
3,UN.BRIGHTON345 UBGH,17-JUL-2020 24,28.99
3,UN.BRIGHTON345 UBGH2,17-JUL-2020 24,28.99
3,UN.KENT    345 UKEN,17-JUL-2020 24,29.03
3,UN.PARKCITY345 UPRK,17-JUL-2020 24,29.03
3,UN.SOLITUDE345 USOL,17-JUL-2020 24,28.85
3,UN.SUNDANCE345 USUN,17-JUL-2020 24,28.96
3,UN.VICTORIA345 UVIC,17-JUL-2020 24,29.03
